Codigo,Nome,Preco Original,Preco Atual,Desconto,Imagem,Link do produto,categoria
MLB5857442960,Tênis Kappa Pulse Supra Masculino Feminino,"R$259,99",R$128,50% OFF,https://http2.mlstatic.com/D_Q_NP_2X_802382-MLB117165413363_092026-AB-tnis-kappa-pulse-supra-masculino-feminino.webp,https://meli.la/1AqBDcA,
MLB2644715597,Camiseta Dry Fit Slim Academia Proteção Uv Voker Original,"R$49,90","R$35,05",29% OFF,https://http2.mlstatic.com/D_Q_NP_2X_725190-MLB115242651839_072026-AB-camiseta-dry-fit-slim-academia-proteco-uv-voker-original.webp,https://meli.la/1bpwWFT,
MLB3401043657,Camisetas Raglan Proteção Uv Térmica Camisas Dry Fit Voker,"R$52,90","R$36,96",30% OFF,https://http2.mlstatic.com/D_Q_NP_2X_981723-MLB93844749907_092025-AB-camisetas-raglan-proteco-uv-termica-camisas-dry-fit-voker.webp,https://meli.la/16Ygbg8,
MLB2178289241,Camisa Térmica Voker Academia Proteção Solar Uv Dry Fit,"R$49,90","R$35,05",29% OFF,https://http2.mlstatic.com/D_Q_NP_2X_747421-MLB93427308520_092025-AB-camisa-termica-voker-academia-proteco-solar-uv-dry-fit.webp,https://meli.la/2Vd5mmh,
MLB2628662708,Sapatenis Tenis Casual Masculino Polo Vili,"R$104,49","R$73,16",29% OFF,https://http2.mlstatic.com/D_Q_NP_2X_789577-MLB74295303529_012024-AB-sapatenis-tenis-casual-masculino-polo-vili.webp,https://meli.la/1chLMCH,
MLB7006587926,Macacão Feminino Longo Linho Pantalona Elegante Com Faixa,"R$289,99","R$76,94",73% OFF,https://http2.mlstatic.com/D_Q_NP_2X_601922-MLB113564521839_062026-AB-macaco-feminino-longo-linho-pantalona-elegante-com-faixa.webp,https://meli.la/1hTCYmT,
MLB5109747896,Sandália Feminina Rasteira Gladiadora Vazada Confortável,"R$37,90","R$32,46",14% OFF,https://http2.mlstatic.com/D_Q_NP_2X_708465-MLB113397860615_062026-AB-sandalia-feminina-rasteira-gladiadora-vazada-confortavel.webp,https://meli.la/1DrJq1t,
MLB3968127423,Calça Country Muladeiro Carpinteira Masculina Rodeio Azul C,"R$155,42",R$67,56% OFF,https://http2.mlstatic.com/D_Q_NP_2X_705539-MLB85576836684_062025-AB-calca-country-muladeiro-carpinteira-masculina-rodeio-azul-c.webp,https://meli.la/2tp9Bgz,
MLB77829981,"Mochila de bolso, bolsa de ombro única, impermeável, com compartimento
independente para copo e espaço para telemóvel e chaves Caqui",R$78,"R$19,50",75% OFF,https://http2.mlstatic.com/D_Q_NP_2X_904262-MLA115096188162_082026-AB.webp,https://meli.la/1xZ7f4W,
MLB4018339513,Conjunto Masculino Slim Fit Italiano Blazer Calça Primavera,"R$330,79","R$171,95",48% OFF,https://http2.mlstatic.com/D_Q_NP_2X_809902-MLA110279052251_042026-AB-conjunto-masculino-slim-fit-italiano-blazer-calca-primavera.webp,https://meli.la/2Hyo1Ka,
MLB4128526531,Calça Flare Jeans Marmorizada Cintura Alta Com Elastano Fler,"R$89,90","R$54,96",38% OFF,https://http2.mlstatic.com/D_Q_NP_2X_707260-MLB88117607403_072025-AB-calca-flare-jeans-marmorizada-cintura-alta-com-elastano-fler.webp,https://meli.la/29KjyEd,
MLB75615449,"Mochila feminina, reforçada, impermeável, com capacidade para laptop, ideal para
viagens diárias, ida à escola e deslocamentos de trabalho.",R$198,"R$79,99",59% OFF,https://http2.mlstatic.com/D_Q_NP_2X_755204-MLA113564929198_072026-AB.webp,https://meli.la/2qXLfzY,
MLB4286391324,Sunga Boxer Masculina Poliamida Moda Praia Verão Voker,"R$78,90",R$58,26% OFF,https://http2.mlstatic.com/D_Q_NP_2X_735840-MLB104481284445_012026-AB-sunga-boxer-masculina-poliamida-moda-praia-vero-voker.webp,https://meli.la/1FE4RqP,
MLB2912316808,10 Calcinhas Fio Renda Lateral Calcinha Microfibra Atacado,"R$54,99","R$47,99",12% OFF,https://http2.mlstatic.com/D_Q_NP_2X_638277-MLB85002114848_052025-AB-10-calcinhas-fio-renda-lateral-calcinha-microfibra-atacado.webp,https://meli.la/1squJ7F,
MLB7006107748,Conjunto Feminino Linho Calça Pantalona E Blusa Regata,"R$189,99","R$56,99",70% OFF,https://http2.mlstatic.com/D_Q_NP_2X_767685-MLB112399341046_062026-AB-conjunto-feminino-linho-calca-pantalona-e-blusa-regata.webp,https://meli.la/1HrSebW,
MLB4087280984,Regata Dry Fit Lisa Camiseta Masculina Academia Treino Voker,"R$54,90","R$35,05",36% OFF,https://http2.mlstatic.com/D_Q_NP_2X_834648-MLB94139694742_102025-AB-regata-dry-fit-lisa-camiseta-masculina-academia-treino-voker.webp,https://meli.la/15v3u8x,
MLB3966273439,4 Short Tactel Masculino Bermuda Praia Casual Academia Bolso,"R$88,41","R$62,36",29% OFF,https://http2.mlstatic.com/D_Q_NP_2X_979253-MLB118200753999_092026-AB-4-short-tactel-masculino-bermuda-praia-casual-academia-bolso.webp,https://meli.la/2kvudGc,
MLB3879571383,"Sapatênis , Leve De Zíper Super Conforto Pratico","R$91,90",R$57,37% OFF,https://http2.mlstatic.com/D_Q_NP_2X_936873-MLB73068017164_112023-AB-sapatnis-leve-de-ziper-super-conforto-pratico.webp,https://meli.la/1JK7ujx,
MLB4631433866,Saia Alfaiataria Plus Size Rodada Evasê Cós Alto Evangélica,"R$129,90","R$50,03",61% OFF,https://http2.mlstatic.com/D_Q_NP_2X_959098-MLB111336205681_052026-AB-saia-alfaiataria-plus-size-rodada-evas-cos-alto-evangelica.webp,https://meli.la/2z5v666,
MLB4210920195,Kit Com 3 Calças Cargo Moletom Menino Estilo Tendência,"R$129,90","R$96,51",25% OFF,https://http2.mlstatic.com/D_Q_NP_2X_604132-MLB109314110628_042026-AB-kit-com-3-calcas-cargo-moletom-menino-estilo-tendncia.webp,https://meli.la/2YU581H,
MLB779362,Organizador Infantil Mdf Estante Livros Brinquedos Quarto Branco,"R$279,99","R$135,79",51% OFF,https://http2.mlstatic.com/D_Q_NP_2X_769437-MLA117190576305_092026-AB--organizador-infantil-mdf-estante-livros-brinquedos-quarto.webp,https://meli.la/17htWPA,
MLB2173115987,Vestido Longo Plus Size Feminino Casual Elegante Evangélico,"R$319,80","R$50,49",57% OFF,https://http2.mlstatic.com/D_Q_NP_2X_832863-MLB107016728779_022026-AB-vestido-longo-plus-size-feminino-casual-elegante-evangelico.webp,https://meli.la/1QQFvzm,
MLB5314013128,Kit 2 Calça Country Carpinteira Masculina Rodeio Premium,"R$49,90","R$136,06",7% OFF,https://http2.mlstatic.com/D_Q_NP_2X_705747-MLB83007779523_032025-AB-kit-2-calca-country-carpinteira-masculina-rodeio-premium.webp,https://meli.la/25ccLKS,
MLB6448437046,Camiseta Ogochi Algodão Básica Lisa Masculina Premium,"R$49,90","R$45,97",7% OFF,https://http2.mlstatic.com/D_Q_NP_2X_965329-MLB109033303117_032026-AB-camiseta-ogochi-algodo-basica-lisa-masculina-premium.webp,https://meli.la/19MoCYt,
MLB779362,"Óculos De Sol Rb4165 Justin Preto Uv Polarizado Kit Completo Quadrado Preto
Degradê Preto","R$159,90","R$290,77",43% OFF,https://http2.mlstatic.com/D_Q_NP_2X_705930-MLB114370927237_072026-AB--oculos-de-sol-rb4165-justin-preto-uv-polarizado-kit-completo.webp,https://meli.la/2SQRshi,
MLB4592153367,Conjunto Feminino Comfy Blusa Assimétrica E Calça Pantalona,"R$159,90","R$91,14",43% OFF,https://http2.mlstatic.com/D_Q_NP_2X_627393-MLB117286192267_092026-AB-conjunto-feminino-comfy-blusa-assimetrica-e-calca-pantalona.webp,https://meli.la/2HHYwMt,
MLB779362,Kit 9 Peças Camisetas Premium Raglan Shorts Dry Fit Academia Multicolorido G,"R$39,90","R$162,04",29% OFF,https://http2.mlstatic.com/D_Q_NP_2X_983532-MLB115783522590_092026-AB--kit-9-pecas-camisetas-premium-raglan-shorts-dry-fit-academia.webp,https://meli.la/1JC7FAn,
MLB779362,Meia Puma Poliamida Esportiva Corrida Dry Academia Soquete Preto G (39-44),"R$78,90","R$28,21",11% OFF,https://http2.mlstatic.com/D_Q_NP_2X_941747-MLB106266110561_012026-AB--meia-puma-poliamida-esportiva-corrida-dry-academia-soquete.webp,https://meli.la/1q4d8ii,
MLB779362,Top Alta Sustentação Academia Premium Sutiã Esportivo Treino Preto P/m 36 Ao 48,"R$39,90","R$69,90",12% OFF,https://http2.mlstatic.com/D_Q_NP_2X_936981-MLB117493284725_092026-AB--top-alta-sustentacao-academia-premium-sutia-esportivo-treino.webp,https://meli.la/2Gtf8xb,
MLB2614339639,Short Praia Masculino Bermuda Verão Academia Treino Corrida,"R$39,90","R$34,99",12% OFF,https://http2.mlstatic.com/D_Q_NP_2X_621392-MLB112222621778_062026-AB-short-praia-masculino-bermuda-vero-academia-treino-corrida.webp,https://meli.la/261q3VF,
MLB4022568395,Calça Skinny Masculina Slim Bengaline Social Com Elastano,"R$119,90","R$67,69",43% OFF,https://http2.mlstatic.com/D_Q_NP_2X_700940-MLB109724236763_032026-AB-calca-skinny-masculina-slim-bengaline-social-com-elastano.webp,https://meli.la/1qXDGdv,
MLB779362,Mochila Reforçada E Impermeável Para Viagem Mochila Preto Liso,R$216,R$79,59% OFF,https://http2.mlstatic.com/D_Q_NP_2X_708729-MLB112616724578_062026-AB--mochila-reforcada-e-impermeavel-para-viagem-mochila.webp,https://meli.la/2Wpv5bp,
MLB75625924,"Mochila sem gênero, impermeável, reforçada, com capacidade ampliada de 30-42L,
adequada para portátil, viagens diárias, cor preta",R$216,"R$86,84",59% OFF,https://http2.mlstatic.com/D_Q_NP_2X_718229-MLA113595305320_072026-AB.webp,https://meli.la/1QBbAFk,
MLB779362,Kit 7 Camisetas Basica Masculina Algodão Fio 30.1 Premium Sortidas G,R$289,R$129,64% OFF,https://http2.mlstatic.com/D_Q_NP_2X_767194-MLB111353997680_052026-AB--kit-7-camisetas-basica-masculina-algodao-fio-301-premium.webp,https://meli.la/2UXa7TH,
MLB779362,Mochila À Prova D'água Reforçada Expansível Para Viagens Diá Preto,"R$503,50","R$102,51",64% OFF,https://http2.mlstatic.com/D_Q_NP_2X_842378-MLB112840987547_062026-AB--mochila-a-prova-dagua-reforcada-expansivel-para-viagens-dia.webp,https://meli.la/1dgSWaS,
MLB779362,"Kit 9 Peças Dry Fit Masculino 5 Camisas 4 Bermudas Premium Multicolorido
Dry-liso G","R$49,90","R$181,26",29% OFF,https://http2.mlstatic.com/D_Q_NP_2X_801283-MLB111701424123_052026-AB--kit-9-pecas-dry-fit-masculino-5-camisas-4-bermudas-premium.webp,https://meli.la/1euTHv6,
MLB2897257729,Blusas Camisa Feminina Proteção Uv Academia Treino Caminhada,"R$49,90","R$35,05",29% OFF,https://http2.mlstatic.com/D_Q_NP_2X_634342-MLB98393158897_112025-AB-blusas-camisa-feminina-proteco-uv-academia-treino-caminhada.webp,https://meli.la/2ZGU4cL,
MLB5936578232,Sapato Infantil Meninas Festa Pampili Angel Laço Removível,"R$78,94",R$110,21% OFF,https://http2.mlstatic.com/D_Q_NP_2X_923685-MLB97910200984_112025-AB-sapato-infantil-meninas-festa-pampili-angel-laco-removivel.webp,https://meli.la/1W6oPm8,
MLB3790176169,Bermuda Jeans Masculina Skinny Com Super Lycra Linha Premium,"R$117,54","R$61,65",37% OFF,https://http2.mlstatic.com/D_Q_NP_2X_906491-MLB107755144190_032026-AB-bermuda-jeans-masculina-skinny-com-super-lycra-linha-premium.webp,https://meli.la/1xQoY4r,
MLB3443829616,Kit 3 Bermudas Lisas Amarração Shorts Academia Treino Praia,"R$117,54",R$74,37% OFF,https://http2.mlstatic.com/D_Q_NP_2X_668467-MLB96965784135_112025-AB-kit-3-bermudas-lisas-amarraco-shorts-academia-treino-praia.webp,https://meli.la/2Yr4tDv,
MLB76520185,"Mochila feminina com grande capacidade e compartimentos multicamadas,
impermeável e reforçada, capaz de acomodar um laptop de 15,6 polegadas, ideal
para deslocamentos diários, viagens curtas e estudos",R$198,"R$75,24",62% OFF,https://http2.mlstatic.com/D_Q_NP_2X_660681-MLA114422693250_082026-AB.webp,https://meli.la/2anHHy6,
MLB2785323303,Camisas Térmica Feminina Voker Proteção Uv Dry Fit Academia,"R$49,90","R$34,99",29% OFF,https://http2.mlstatic.com/D_Q_NP_2X_971673-MLB105945119108_022026-AB-camisas-termica-feminina-voker-proteco-uv-dry-fit-academia.webp,https://meli.la/2TVocqz,
MLB4429983037,Tenis Hocks Flat Core Lona Preto E Branco - Original,R$108,"R$205,96",63% OFF,https://http2.mlstatic.com/D_Q_NP_2X_914545-MLB104681432298_012026-AB-tenis-hocks-flat-core-lona-preto-e-branco-original.webp,https://meli.la/1RqQaMF,
MLB779362,Bolsa Feminina Grande Capacidade E Impermeável Crossbody Preto,R$97,"R$39,96",40% OFF,https://http2.mlstatic.com/D_Q_NP_2X_900642-MLB115090852700_082026-AB--bolsa-feminina-grande-capacidade-e-impermeavel-crossbody.webp,https://meli.la/2XAXX29,
MLB5780115058,Conjunto Feminino Blusa E Saia Midi Algodão Penteado Premium,"R$99,90","R$57,61",56% OFF,https://http2.mlstatic.com/D_Q_NP_2X_689785-MLB94133991596_102025-AB-conjunto-feminino-blusa-e-saia-midi-algodo-penteado-premium.webp,https://meli.la/1AP7nx1,
MLB779362,"Kit 3 Blusas Gola Alta Feminino Manga Curta Básica Casual Preto/marrom/off-white
Lisa Único: 36 A 42",R$268,"R$42,98",70% OFF,https://http2.mlstatic.com/D_Q_NP_2X_980789-MLB116684964616_092026-AB--kit-3-blusas-gola-alta-feminino-manga-curta-basica-casual.webp,https://meli.la/2QMBubP,
MLB75521100,"Mochila para Notebook Feminina Expansível de 25L a 40L, com USB e Impermeável","R$102,90","R$78,85",29% OFF,https://http2.mlstatic.com/D_Q_NP_2X_816218-MLA115053426863_072026-AB.webp,https://meli.la/1KLumHx,
MLB779362,Tenis Casual Vizzano Feminino Leve Confortavel Original Branco 35 Br,,"R$72,92",,https://http2.mlstatic.com/D_Q_NP_2X_991351-MLB114295077061_072026-AB--tenis-casual-vizzano-feminino-leve-confortavel-original.webp,https://meli.la/1xs9aYb,
MLB2907566151,5 Calcinhas Cintura Alta Calcinha Cós Duplo,"R$44,99","R$36,99",17% OFF,https://http2.mlstatic.com/D_Q_NP_2X_881005-MLB85302242401_052025-AB-5-calcinhas-cintura-alta-calcinha-cos-duplo.webp,https://meli.la/2mWvb2B,
MLB4213041943,Tênis Kappa Galaxy Masculino Feminino,"R$169,99","R$103,44",39% OFF,https://http2.mlstatic.com/D_Q_NP_2X_899392-MLB113426131467_062026-AB-tnis-kappa-galaxy-masculino-feminino.webp,https://meli.la/2wvaB7q,
MLB4930586574,Bermuda Masculina Tactel Short Academia Treino Plus Size G3,"R$49,90","R$29,90",40% OFF,https://http2.mlstatic.com/D_Q_NP_2X_782400-MLB113344613004_072026-AB-bermuda-masculina-tactel-short-academia-treino-plus-size-g3.webp,https://meli.la/2NcLKPN,
MLB4731846263,Conjunto Laise Bordado Camisa Manga Longa E Shorts Calor,"R$329,90","R$174,27",47% OFF,https://http2.mlstatic.com/D_Q_NP_2X_752339-MLB116315475153_082026-AB-conjunto-laise-bordado-camisa-manga-longa-e-shorts-calor.webp,https://meli.la/316i7os,
MLB4293660093,Sandália Feminina Modelo Chique Casual Confortável Original,"R$139,90",R$69,50% OFF,https://http2.mlstatic.com/D_Q_NP_2X_849065-MLB113388662940_072026-AB-sandalia-feminina-modelo-chique-casual-confortavel-original.webp,https://meli.la/2D21FS8,
MLB3780562787,Sandália Feminina Beira Rio Rasteirinha Brilho Strass,"R$109,90","R$52,90",51% OFF,https://http2.mlstatic.com/D_Q_NP_2X_887462-MLB115905038288_092026-AB-sandalia-feminina-beira-rio-rasteirinha-brilho-strass.webp,https://meli.la/2kN7xfs,
MLB5721474416,Conjunto Feminino Completo Look Calça E Blusa Clássico,"R$149,90","R$72,78",51% OFF,https://http2.mlstatic.com/D_Q_NP_2X_988504-MLB115396716081_072026-AB-conjunto-feminino-completo-look-calca-e-blusa-classico.webp,https://meli.la/1ok9aej,
MLB3031276468,Tênis Masculino Academia Saymon Leve Confortável Original 25,"R$119,99","R$72,26",39% OFF,https://http2.mlstatic.com/D_Q_NP_2X_695689-MLB117085988629_092026-AB-tnis-masculino-academia-saymon-leve-confortavel-original-25.webp,https://meli.la/2dRB5JF,
MLB4592717969,Tênis Caminhada Academia Casual Dia A Dia Leve Confortável,"R$78,90","R$53,45",32% OFF,https://http2.mlstatic.com/D_Q_NP_2X_650284-MLA109319326832_042026-AB-tnis-caminhada-academia-casual-dia-a-dia-leve-confortavel.webp,https://meli.la/2staKLR,
MLB4816795187,Camisa Social Dudalina Masculina Slim Fit,"R$285,90","R$255,43",10% OFF,https://http2.mlstatic.com/D_Q_NP_2X_988383-MLB113781366003_062026-AB-camisa-social-dudalina-masculina-slim-fit.webp,https://meli.la/2P9toMp,
MLB3504338161,Regata Dry Fit Uv Camiseta Masculina Academia Treino Voker,"R$54,90","R$35,05",36% OFF,https://http2.mlstatic.com/D_Q_NP_2X_719144-MLB109272393321_032026-AB-regata-dry-fit-uv-camiseta-masculina-academia-treino-voker.webp,https://meli.la/1dEt3Kn,
MLB4454239785,Kit 2 Par Meia Esporte Fitness Corrida Ciclismo Academia Gym,"R$56,97","R$41,86",26% OFF,https://http2.mlstatic.com/D_Q_NP_2X_715430-MLB115729495689_082026-AB-kit-2-par-meia-esporte-fitness-corrida-ciclismo-academia-gym.webp,https://meli.la/2QQn3dx,
MLB6423649046,Vestido Midi Feminino Moda Evangélica Culto Festa Verão,"R$89,99","R$36,18",59% OFF,https://http2.mlstatic.com/D_Q_NP_2X_871367-MLB108303177055_032026-AB-vestido-midi-feminino-moda-evangelica-culto-festa-vero.webp,https://meli.la/2vekPAx,
MLB74702979,Boné Flávio Bolsonaro Presidente 2026 Brasil Direita Unissex Preto Un Lisa,"R$69,90","R$28,65",59% OFF,https://http2.mlstatic.com/D_Q_NP_2X_889696-MLA112778454734_062026-AB.webp,https://meli.la/1AqZ1UG,
MLB6080756962,Camiseta Americana Canelada Ribana Justa Textura Básica Moda,"R$49,99",R$26,47% OFF,https://http2.mlstatic.com/D_Q_NP_2X_895521-MLB110861457060_052026-AB-camiseta-americana-canelada-ribana-justa-textura-basica-moda.webp,https://meli.la/1yj1bUB,
MLB5965770540,Kit 3 Calça Jeans Masculina Country Tradicional Rodeio,"R$319,90","R$184,80",42% OFF,https://http2.mlstatic.com/D_Q_NP_2X_947037-MLB99390962763_112025-AB-kit-3-calca-jeans-masculina-country-tradicional-rodeio.webp,https://meli.la/18ktvoV,
MLB5399120920,Jaqueta Feminina Puffer Bobojaco Capuz Nylon Forrada Até G4,R$250,"R$104,50",58% OFF,https://http2.mlstatic.com/D_Q_NP_2X_673537-MLB109930552435_042026-AB-jaqueta-feminina-puffer-bobojaco-capuz-nylon-forrada-ate-g4.webp,https://meli.la/2pkgYXB,
MLB67682674,"Óculos Inteligentes Smart Glasses TRF Retangular Preto Com Câmera Full HD e
Bluetooth","R$479,99","R$339,64",29% OFF,https://http2.mlstatic.com/D_Q_NP_2X_740783-MLA111355128124_052026-AB.webp,https://meli.la/1nmJ92H,
MLB5532249126,Tênis Under Armour Tribase Cross 2,"R$549,99","R$399,45",27% OFF,https://http2.mlstatic.com/D_Q_NP_2X_850297-MLB92376921392_092025-AB-tnis-under-armour-tribase-cross-2.webp,https://meli.la/2erV2gX,
MLB3855869245,Camiseta Eiv Premium Tech Minimalista Anti Amassado,"R$74,90","R$59,65",20% OFF,https://http2.mlstatic.com/D_Q_NP_2X_924768-MLB109645806636_042026-AB-camiseta-eiv-premium-tech-minimalista-anti-amassado.webp,https://meli.la/1nKfFqx,
MLB3917439655,Saia Jeans Midi Feminina Com Elastano Moda Evangélica Cristã,"R$79,90","R$57,19",28% OFF,https://http2.mlstatic.com/D_Q_NP_2X_754368-MLB87175211802_072025-AB-saia-jeans-midi-feminina-com-elastano-moda-evangelica-crist.webp,https://meli.la/1SmugvU,
MLB65114795,"Celular Samsung Galaxy A17 Com Ia, 128gb, 4gb Ram, Câm De 50mp, Tela De 6.7"",
Nfc, Ip54 - Preto",R$1.499,"R$827,10",44% OFF,https://http2.mlstatic.com/D_Q_NP_2X_868127-MLA118013296557_092026-AB.webp,https://meli.la/1gVHo6i,
MLB54963045,Celular Samsung Galaxy A07 256gb 8gb Câmera 50mp Verde,R$1.799,R$879,51% OFF,https://http2.mlstatic.com/D_Q_NP_2X_778917-MLA91526601104_092025-AB.webp,https://meli.la/1EfBXpL,
MLB47109375,"Smartphone Samsung Galaxy A36 5G 128GB 6GB RAM Câmera Tripla de até 50MP Selfie
de 12MP IP67 Super AMOLED 6.7'' NFC Recursos AI Android e Segurança Snapdragon -
Branco",R$2.599,R$1.299,50% OFF,https://http2.mlstatic.com/D_Q_NP_2X_968548-MLA99944961199_112025-AB.webp,https://meli.la/2Q51Qec,
MLB50301060,"Smartphone Motorola Moto G56 5g - 256gb 8gb Ram+8gb Ram Boost, Camera 50mp Sony
Lytia 600 Ultrarresistencia Militar e Ip68 + Ip69 - Cinza",R$2.699,R$1.399,48% OFF,https://http2.mlstatic.com/D_Q_NP_2X_748002-MLA104773303805_012026-AB.webp,https://meli.la/26b8Fwo,
MLB63016702,Smartphone Motorola Moto G35 5g 12gb Ram Boost 128g Cor Grafite,R$1.324,R$969,26% OFF,https://http2.mlstatic.com/D_Q_NP_2X_649586-MLA100448312516_122025-AB.webp,https://meli.la/2p59cVC,
MLB63335606,"Celular Samsung Galaxy A17 5G Com IA, 128gb, 4gb Ram, Câm De 50mp, Tela De 6.7"",
Nfc, Ip54 - Preto",R$1.855,"R$912,63",50% OFF,https://http2.mlstatic.com/D_Q_NP_2X_864503-MLA118251143201_092026-AB.webp,https://meli.la/2G5ALdG,
MLB45524778,"Celular Samsung Galaxy S25 Ultra 5g, 256gb, 12gb, Câm. Quád. Cor Prata",R$10.499,R$5.353,49% OFF,https://http2.mlstatic.com/D_Q_NP_2X_985216-MLA107519405429_022026-AB.webp,https://meli.la/2ykE5dy,
MLB65041643,"Smartphone Motorola Moto G17 4g - 128gb 4gb Ram + 8gb Ram Boost, Camera 50mp
Sony Lytia 600, Tela Fhd+ 60hz, Bateria 5200 Mah - Rosa",R$1.599,R$799,50% OFF,https://http2.mlstatic.com/D_Q_NP_2X_826897-MLA105493148208_012026-AB.webp,https://meli.la/33Bujyw,
MLB55521828,"Smartphone Samsung Galaxy A17 5g 128gb 4gb Super Amoled 6.7'' Câmera 50mp Selfie
13 Mp 5000 Mah Nfc Dual Sim Recursos Ia - Cinza",R$1.855,R$969,47% OFF,https://http2.mlstatic.com/D_Q_NP_2X_873869-MLA92299394919_092025-AB.webp,https://meli.la/2fcKHKx,
MLB47245501,"Smartphone Motorola Edge 60 Fusion 5g - 256gb 8gb Ram+8gb Ram Boost, 50mp Sony
Ai Camera Ip68 Nfc - Cinza Vegan Leather",R$3.299,R$1.713,48% OFF,https://http2.mlstatic.com/D_Q_NP_2X_631624-MLA99926713059_112025-AB.webp,https://meli.la/1UuWJ6q,
MLB65952157,"Smartphone Samsung Galaxy A36 5G 128GB 6GB RAM Câmera Tripla de até 50MP Selfie
de 12MP IP67 Super AMOLED 6.7'' NFC Recursos AI Android e Segurança Snapdragon -
Branco",R$2.212,R$1.399,36% OFF,https://http2.mlstatic.com/D_Q_NP_2X_944288-MLA116511342948_092026-AB.webp,https://meli.la/1nMwaNF,
MLB62148588,Celular Smartphone Realme C73 128gb 4gb Ram Dual Sim 120hz 6000mAh Verde,R$1.599,"R$949,99",40% OFF,https://http2.mlstatic.com/D_Q_NP_2X_929245-MLA102616317533_122025-AB.webp,https://meli.la/1dnDaoj,
MLB1782766,Celular Xiaomi Poco X8 Pro 512gb 12gb Amoled Original C/ Nfc Branco,R$6.049,R$3.266,46% OFF,https://http2.mlstatic.com/D_Q_NP_2X_961621-MLB117413712023_092026-AB--celular-xiaomi-poco-x8-pro-512gb-12gb-amoled-original-c-nfc.webp,https://meli.la/3246z4K,
MLB69327206,Celular Xiaomi Poco X8 Pro 5G 8gb 256gb dual sim cor preto,R$2.999,R$2.509,16% OFF,https://http2.mlstatic.com/D_Q_NP_2X_774767-MLA110446231204_052026-AB.webp,https://meli.la/33jQ9NU,
MLB55034955,Samsung Galaxy A07 128gb 4gb Ram Preto,R$1.097,"R$773,10",29% OFF,https://http2.mlstatic.com/D_Q_NP_2X_678247-MLA99491753898_112025-AB.webp,https://meli.la/2PPboo9,
MLB1782766,Motorola Moto E13 -g06- Dual Sim 4 Gb Ram 64 Gb Azul,R$817,"R$716,83",12% OFF,https://http2.mlstatic.com/D_Q_NP_2X_947946-MLB113719970875_062026-AB--motorola-moto-e13-g06-dual-sim-4-gb-ram-64-gb.webp,https://meli.la/2Nckgym,
MLB44665473,"Smartphone Motorola Moto G15 - 256gb 4gb Ram+8gb Ram Boost e Camera 50mp Com Ai
E Night Vision Bateria De 5200 Mah Tela Fhd+ 6.7 Com Superbrilho Nfc - Grafite",R$1.599,"R$939,55",41% OFF,https://http2.mlstatic.com/D_Q_NP_2X_650904-MLA100002714503_112025-AB.webp,https://meli.la/1ex85d5,
MLB49085450,"Smartphone Motorola Edge 60 Pro 5g - 256gb 12gb Ram+12gb Ram Boost, Tela
Quad-curve Moto Ai 50mp Sony Camera Ultrarresistencia Militar Ip68 + Ip69 - Azul",R$4.499,R$2.249,50% OFF,https://http2.mlstatic.com/D_Q_NP_2X_969960-MLA116373017861_082026-AB.webp,https://meli.la/2ZwnT22,
MLB67890591,Motorola Moto G56 5g Dual Sim 256gb + 8gb preto,R$2.699,R$1.421,47% OFF,https://http2.mlstatic.com/D_Q_NP_2X_835488-MLA109454418800_042026-AB.webp,https://meli.la/1HngFaa,
MLB65304413,"Smartphone Motorola Edge 70 5g - 256gb 8gb Ram + 16gb Ram Boost, Ultrafino, 3
Cameras 50mp, Tela 1.5k Extreme Amoled 120hz - Preto",R$4.999,R$2.249,55% OFF,https://http2.mlstatic.com/D_Q_NP_2X_620287-MLA106660644779_022026-AB.webp,https://meli.la/1Jy1G4h,
MLB54986607,"Celular Samsung Galaxy A17 Com Ia, 128gb, 4gb Ram, Câm De 50mp, Tela De 6.7 ,
Nfc, Ip54 - Azul","R$943,33",R$847,10% OFF,https://http2.mlstatic.com/D_Q_NP_2X_907031-MLA99504284188_112025-AB.webp,https://meli.la/2zLT1La,
MLB67652541,"Celular Smartphone Realme Note 80s 128gb 4gb Ram Dual Sim Azul Bateria 6000mah
Ultrafino 7,94 Mm Resistência À Poeira E Água Ip54",R$1.099,"R$854,10",22% OFF,https://http2.mlstatic.com/D_Q_NP_2X_682915-MLA109269844598_042026-AB.webp,https://meli.la/2MCAzvd,
MLB44665542,Smartphone Motorola Moto G15 256gb 12gb 4GB RAM 8GB RAM Boost Camera 50mp Verde,R$1.599,"R$919,08",42% OFF,https://http2.mlstatic.com/D_Q_NP_2X_675715-MLA99963700693_112025-AB.webp,https://meli.la/2z7GNLS,
MLB1782766,Xiaomi Redmi 15c 256gb 8gb Ram Dual Sim + Brindes Preto,R$1.700,R$1.269,25% OFF,https://http2.mlstatic.com/D_Q_NP_2X_773357-MLB99427610357_112025-AB--xiaomi-redmi-15c-256gb-8gb-ram-dual-sim---brindes.webp,https://meli.la/2R72H6V,
MLB1782766,Xiaomi Redmi 15c 256gb 8gb Ram + Brinde Fone E Relogio Preto,R$1.685,R$1.154,31% OFF,https://http2.mlstatic.com/D_Q_NP_2X_796936-MLB96425378623_102025-AB--xiaomi-redmi-15c-256gb-8gb-ram--brinde-fone-e-relogio.webp,https://meli.la/2qqossF,
MLB47424244,"Celular Samsung Galaxy A26 5g 256gb, 8gb Ram, Câmera De 50mp, Ip67, Tela Super
Amoled 6.7 , Nfc - Preto",R$2.167,R$1.899,12% OFF,https://http2.mlstatic.com/D_Q_NP_2X_792472-MLA100025549859_122025-AB.webp,https://meli.la/2EEvuXc,
MLB1782766,Poco X8 Pro 512gb 12gb Ram Original Lancamento Global C/ Nfc Branco,R$6.249,R$3.124,50% OFF,https://http2.mlstatic.com/D_Q_NP_2X_802573-MLB116323628296_092026-AB--poco-x8-pro-512gb-12gb-ram-original-lancamento-global-c-nfc.webp,https://meli.la/2NbpfgJ,
MLB1782766,Celular Xiaomi Redmi Note 15 256gb 8gb Ram Dual Sim + Fone Preto,R$2.540,R$1.699,33% OFF,https://http2.mlstatic.com/D_Q_NP_2X_728901-MLB108303166705_032026-AB--celular-xiaomi-redmi-note-15-256gb-8gb-ram-dual-sim--fone.webp,https://meli.la/1QFBYCJ,
MLB47308422,Xiaomi Poco X7 Pro 5g 12ram /512 Gb Global Cor Preto,R$6.220,R$2.305,62% OFF,https://http2.mlstatic.com/D_Q_NP_2X_685330-MLA99908413809_112025-AB.webp,https://meli.la/1Qq8Vna,
MLB1782766,Xiaomi Poco C85 256gb 16gb Lançamento 2026 +fone+relógio Blackk,R$1.800,R$1.458,19% OFF,https://http2.mlstatic.com/D_Q_NP_2X_601439-MLB117088226333_092026-AB--xiaomi-poco-c85-256gb-16gb-lancamento-2026-fonerelogio.webp,https://meli.la/2zTQEmw,
MLB7486733448,Xiaomi Poco C85 Dual Sim 256gb 8gb Ram Nfc Celular,R$1.999,R$1.407,29% OFF,https://http2.mlstatic.com/D_Q_NP_2X_919938-MLB115186608946_082026-AB-xiaomi-poco-c85-dual-sim-256gb-8gb-ram-nfc-celular.webp,https://meli.la/2AR3d2b,
MLB63907804,Smartphone Realme C75 5G 256Gb 8Gb Ram Storm Black Rmx3963,R$2.099,R$1.499,28% OFF,https://http2.mlstatic.com/D_Q_NP_2X_986824-MLA103852381829_012026-AB.webp,https://meli.la/11WTR7r,
MLB69183438,Samsung Galaxy A17 128GB 4GB RAM Cam 50MP 4G,R$1.499,"R$892,05",40% OFF,https://http2.mlstatic.com/D_Q_NP_2X_827919-MLA114372906530_082026-AB.webp,https://meli.la/1ZMHu9g,
MLB55762050,"Smartphone Motorola Moto G06 - 256gb 4gb Ram + 8gb Ram Boost e Camera 50mp Com
Ai Bateria De 5200 Mah Tela 6.9 - Verde",R$1.099,R$877,20% OFF,https://http2.mlstatic.com/D_Q_NP_2X_980483-MLA91807112934_092025-AB.webp,https://meli.la/2Z1QvKS,
MLB68938678,"Smartphone JOVI T1 5G 256GB 16GB RAM (8GB+8GB Estendida) Bateria 6500mAh Câmera
50MP 4K - Preto Titânio",R$2.799,R$1.690,39% OFF,https://http2.mlstatic.com/D_Q_NP_2X_692458-MLA111704644759_052026-AB.webp,,
MLB1782766,Smartphone Samsung Galaxy A07 128gb/4gb Com Anatel Cor Verde Verde,"R$950,90","R$758,45",20% OFF,https://http2.mlstatic.com/D_Q_NP_2X_723080-MLB117886894161_092026-AB--smartphone-samsung-galaxy-a07-128gb4gb-com-anatel-cor-verde.webp,https://meli.la/2sxFTev,
MLB1782766,Poco X8 Pro 512gb 12gb Ram Original Lancamento Global C/ Nfc Preto,R$5.999,R$3.299,45% OFF,https://http2.mlstatic.com/D_Q_NP_2X_616189-MLB109465017698_042026-AB--poco-x8-pro-512gb-12gb-ram-original-lancamento-global-c-nfc.webp,https://meli.la/28SuBsd,
MLB1782766,Xiaomi Poco X8 Pro 512gb 12gb Ram Global Lançamento C/ Nfc Preto,R$5.999,R$3.025,49% OFF,https://http2.mlstatic.com/D_Q_NP_2X_603360-MLB115480365762_082026-AB--xiaomi-poco-x8-pro-512gb-12gb-ram-global-lancamento-c-nfc.webp,https://meli.la/2ALiiQx,
MLB1782766,Xiaomi Redmi Note 15 256gb 8gb Ram Dual Sim Global 2026 Preto,R$2.634,R$1.769,32% OFF,https://http2.mlstatic.com/D_Q_NP_2X_762853-MLB110613355227_042026-AB--xiaomi-redmi-note-15-256gb-8gb-ram-dual-sim-global-2026.webp,https://meli.la/1qhJeYx,
MLB6289002788,Celular Xiaomi Redmi Note 15 256gb 8gb Ram Lançamento 2026,R$1.779,R$1.690,5% OFF,https://http2.mlstatic.com/D_Q_NP_2X_860426-MLB118138498081_092026-AB-celular-xiaomi-redmi-note-15-256gb-8gb-ram-lancamento-2026.webp,https://meli.la/2NeHatm,
MLB75895488,"Smartphone OPPO Reno 16 5G, 256GB, 8GB RAM Física e 16GB RAM Virtual, Bateria
6000 mAh + 80W de Carregamento Rápido, 4 Câmeras de 50MP, Câmera Principal SONY
IMX882, NFC, IP69K Violeta Crepúsculo",R$5.999,R$4.049,32% OFF,https://http2.mlstatic.com/D_Q_NP_2X_972552-MLA114324872016_082026-AB.webp,,
MLB1782766,Celular Xiaomi Poco X8 Pro 512gb 12gb Amoled Original C/ Nfc Branco,R$6.049,R$3.266,46% OFF,https://http2.mlstatic.com/D_Q_NP_2X_961621-MLB117413712023_092026-AB--celular-xiaomi-poco-x8-pro-512gb-12gb-amoled-original-c-nfc.webp,https://meli.la/3246z4K,
MLB1782766,Xiaomi Redmi 15c 256gb 16ram + Brinde Fone E Relogio Blackk Preto,R$2.000,R$1.460,27% OFF,https://http2.mlstatic.com/D_Q_NP_2X_709697-MLB115688603188_092026-AB--xiaomi-redmi-15c-256gb-16ram--brinde-fone-e-relogio.webp,https://meli.la/1J6cn2N,
MLB1782766,Xiaomi Redmi 15c 256gb 8gb Ram Câmera 50mp Dual Sim Global Preto,R$1.769,R$1.379,22% OFF,https://http2.mlstatic.com/D_Q_NP_2X_919745-MLB111533258712_062026-AB--xiaomi-redmi-15c-256gb-8gb-ram-camera-50mp-dual-sim-global.webp,https://meli.la/2M6L5tC,
MLB47106610,"Smartphone Samsung Galaxy A36 5G 256GB 8GB Super Amoled 6.7'' Câmera Tripla 50MP
Selfie 12MP 5000 mAh Ip67 NFC Dual Sim Recursos IA - Branco",R$2.855,R$1.847,35% OFF,https://http2.mlstatic.com/D_Q_NP_2X_697102-MLA99477666220_112025-AB.webp,https://meli.la/2dj73xH,
MLB1782766,Xiaomi Redmi 17 256gb 6gb Ram 7500mah 50mp 4g Global + Fone Azul,R$2.340,R$1.725,26% OFF,https://http2.mlstatic.com/D_Q_NP_2X_897513-MLB116950008475_082026-AB--xiaomi-redmi-17-256gb-6gb-ram-7500mah-50mp-4g-global--fone.webp,https://meli.la/2Mqst81,
MLB58367208,Smartphone OPPO Reno 14F 256GB 12GB RAM 5G IP69 Azul,R$3.699,R$2.906,21% OFF,https://http2.mlstatic.com/D_Q_NP_2X_696238-MLA95249029751_102025-AB.webp,https://meli.la/337Jo7d,
MLB1782766,Xiaomi Poco X8 Pro Max 512gb Global 12ram Bateria 8.500mah Branco,R$4.499,R$3.587,20% OFF,https://http2.mlstatic.com/D_Q_NP_2X_785485-MLB116020794728_092026-AB--xiaomi-poco-x8-pro-max-512gb-global-12ram-bateria-8500mah.webp,https://meli.la/2EEsWEV,
MLB66055148,Smart Tv 32 Philco Roku Tv Dolby Áudio Hdr10 P32crb,R$1.499,R$999,33% OFF,https://http2.mlstatic.com/D_Q_NP_2X_875689-MLA107805437119_022026-AB.webp,https://meli.la/2ci84K3,
MLB63040715,Smart Tv 43 Philco P43vik Roku Led Dolby Audio Wi-fi Hdmi Hdr Full Hd 110/220v,R$2.499,R$1.449,42% OFF,https://http2.mlstatic.com/D_Q_NP_2X_697288-MLA100482486016_122025-AB.webp,https://meli.la/2nCMYPu,
MLB76779956,"Smart TV 4K 50"" LG NANO UHD AI NU850 2026 Processador α7 Ger9 HDR10 Xbox
Bluetooth Wi-Fi AI Search Google Gemini webOS 26 - 50NU850BPSA",R$3.899,R$2.276,41% OFF,https://http2.mlstatic.com/D_Q_NP_2X_756409-MLA115252629948_082026-AB.webp,https://meli.la/1Vvd9k7,
MLB75681377,Smart TV PRO LG 55'' 4K Ultra HD AI 55UN85C,R$3.875,R$2.363,39% OFF,https://http2.mlstatic.com/D_Q_NP_2X_646395-MLA116823736237_082026-AB.webp,https://meli.la/2HGAMUD,
MLB67267597,Smart Tv Philco 50 P50vik 4k Uhd Led Roku Dolby Audio Wi-fi Hdr10 110/220v,R$3.499,R$2.099,40% OFF,https://http2.mlstatic.com/D_Q_NP_2X_750412-MLA108743699852_032026-AB.webp,https://meli.la/1AY1jKW,
MLB35506816,"TV 32 Polegadas Digital HD 2 HDMI 2 USB VGA para Sala Quarto Escritório Imagem
Nítida e Conexões Versáteis",R$1.299,R$779,40% OFF,https://http2.mlstatic.com/D_Q_NP_2X_887379-MLU77357406059_062024-AB.webp,https://meli.la/2VzfPQn,
MLB67270079,Smart Tv Philco 40 P40vik Led Roku Dolby Audio Wi-fi Hdmi Hdr Full Hd 110/220v,R$2.099,R$1.349,35% OFF,https://http2.mlstatic.com/D_Q_NP_2X_889361-MLA108743612064_032026-AB.webp,https://meli.la/1qAccTg,
MLB63777677,Smart Tv Samsung 43 Ls43f6000fgxzd Full Hd Led 110v/220v,R$2.499,R$1.720,31% OFF,https://http2.mlstatic.com/D_Q_NP_2X_850374-MLA103344560695_012026-AB.webp,https://meli.la/1UHdwTf,
MLB63964187,Smart Tv Lcd Led 65 Philips 65pug8100/78 4k Uhd Wi-fi + Blu,R$4.895,R$3.198,34% OFF,https://http2.mlstatic.com/D_Q_NP_2X_630331-MLA104013642749_012026-AB.webp,https://meli.la/1DHag2B,
MLB66191173,Smart Tv Samsung 32 Ls32h5000fgxzd Hd Led Wifi Hdmi 110/220v,R$2.000,R$1.044,47% OFF,https://http2.mlstatic.com/D_Q_NP_2X_899090-MLA107424021398_032026-AB.webp,https://meli.la/1FRXzuT,
MLB76490088,"Smart TV Philco 60"" P60VIK 4K UHD LED Roku Dolby Audio Wi-Fi HDR10",R$4.999,R$2.705,45% OFF,https://http2.mlstatic.com/D_Q_NP_2X_749790-MLA114385704722_082026-AB.webp,https://meli.la/2VMy7hH,
MLB75001430,Smart TV LG 50'' QNED Mini LED 4K Processador A7 AI GEN9 50QNED70BSA 2026,R$3.299,R$2.699,18% OFF,https://http2.mlstatic.com/D_Q_NP_2X_952238-MLA115300753579_072026-AB.webp,https://meli.la/1ovSXE8,
MLB75681241,Smart TV PRO LG 65'' 4K Ultra HD AI 65UN85C,R$6.599,R$3.549,46% OFF,https://http2.mlstatic.com/D_Q_NP_2X_695281-MLA115403895560_082026-AB.webp,https://meli.la/13h1pxq,
MLB58378317,"Smart Tv Samsung Led 55 Lh55befh4ggxzd Led Crystal Processor 4k Uhd Tizen
110v/220v",R$3.248,R$2.788,14% OFF,https://http2.mlstatic.com/D_Q_NP_2X_807592-MLA96970001108_112025-AB.webp,https://meli.la/1drKYFo,
MLB66418417,Smart Tv 43'' Philco Full Hd Roku Tv Hdr10 Dolby P43cra,R$2.575,R$1.365,46% OFF,https://http2.mlstatic.com/D_Q_NP_2X_982443-MLA110296124162_052026-AB.webp,https://meli.la/1tJ5maL,
MLB41106126,"Smart TV Profissional LG 43"" Full HD Processador a5 Ger6 AI Alexa Integrada
webOS 23 – 43LR671C-B",R$2.361,R$1.647,30% OFF,https://http2.mlstatic.com/D_Q_NP_2X_929244-MLA104540336039_012026-AB.webp,https://meli.la/1eLWWPU,
MLB58375066,"Smart Tv Samsung Led 65 Lh65befh4ggxzd Led Crystal Processor 4k Uhd Tizen
110v/220v",R$4.278,R$3.499,18% OFF,https://http2.mlstatic.com/D_Q_NP_2X_712967-MLA96969981644_112025-AB.webp,https://meli.la/1cUUcmj,
MLB53610161,Smart TV LG UHD AI UA75 65 polegadas HDR10 Pro Processador α7 AI Ger8 webOS 25,R$4.999,R$3.499,30% OFF,https://http2.mlstatic.com/D_Q_NP_2X_966485-MLA106907952364_022026-AB.webp,https://meli.la/2Q6EshG,
MLB57724059,Hisense 43A4NV Smart TV FHD 43 Polegadas HDR10 DTS Virtual X 127V,R$2.999,R$1.484,50% OFF,https://http2.mlstatic.com/D_Q_NP_2X_915141-MLA117714821183_092026-AB.webp,https://meli.la/279Uanj,
MLB50801479,Smart Tv Tcl 43 Polegadas 43s5k Fhd Qled Hdr10 Google Tv,R$2.299,R$1.749,23% OFF,https://http2.mlstatic.com/D_Q_NP_2X_766531-MLA104262809393_012026-AB.webp,https://meli.la/1MP8tZm,
MLB1782772,Smart Tv 32 Qled Tcl 32s5k Full Hd - Preto,R$6.724,R$1.191,11% OFF,https://http2.mlstatic.com/D_Q_NP_2X_861841-MLB116257236793_082026-AB--smart-tv-32--qled-tcl-32s5k-full-hd--preto.webp,https://meli.la/1zDhR3c,
MLB76436759,"Smart TV HD 32"" LG LB650 AI 2026 Processador α5 Ger9 HDR10 Xbox Bluetooth Wi-Fi
AI Search Google Gemini Canais Grátis webOS 26 - 32LB650BPSA",R$1.699,R$1.189,30% OFF,https://http2.mlstatic.com/D_Q_NP_2X_626506-MLA116657908871_082026-AB.webp,https://meli.la/1FF4gtG,
MLB49197371,"Smart Tv Tcl 32 Polegadas Qled Full Hd S5k Wifi Bluetooth Google Tv 2 Hdmi Hdr10
Dolby Audio 32s5k",R$1.399,R$1.119,20% OFF,https://http2.mlstatic.com/D_Q_NP_2X_895373-MLA115962251521_082026-AB.webp,https://meli.la/2gauPDX,
MLB23537280,Smart TV 32WDSNMX 32'' HD LED,R$1.299,"R$773,43",40% OFF,https://http2.mlstatic.com/D_Q_NP_2X_824259-MLA99939289013_112025-AB.webp,https://meli.la/33AKhXE,
MLB60728265,Smart Tv Aoc Dled 32 Wi-fi Roku Tv Quad Core 32s5155/78g,R$1.499,"R$930,88",37% OFF,https://http2.mlstatic.com/D_Q_NP_2X_604677-MLA99856413557_112025-AB.webp,https://meli.la/2QsCASN,
MLB75490594,Smart TV Tronos 43 Full HD Tizen Wi-Fi Bluetooth HDMI USB,R$1.699,R$1.406,17% OFF,https://http2.mlstatic.com/D_Q_NP_2X_706131-MLA114592965559_072026-AB.webp,https://meli.la/14L1PHR,
MLB76686406,"Smart TV Philco 75"" P75CGA QLED 4K Google TV Dolby Vision WiFi Bluetooth HDR10",R$6.895,R$4.646,32% OFF,https://http2.mlstatic.com/D_Q_NP_2X_612201-MLA116540244319_082026-AB.webp,https://meli.la/33e4mJn,
MLB58587883,"Smart TV Profissional 4K 55"" LG UHD 55AU801 Processador α7 AI Ger8 Super
Upscaling Google Cast Alexa Integrado Controle AI Smart Magic WebOS 25",R$12.499,R$2.755,42% OFF,https://http2.mlstatic.com/D_Q_NP_2X_997328-MLA101890264991_122025-AB.webp,https://meli.la/1xiv5Ne,
MLB1782772,Smart Tv LG Qned Evo Mini Led Ai 4k Qned80 65 Polegadas 2026,R$2.779,R$5.499,35% OFF,https://http2.mlstatic.com/D_Q_NP_2X_965004-MLB114957929579_072026-AB--smart-tv-lg-qned-evo-mini-led-ai-4k-qned80-65-polegadas-2026.webp,https://meli.la/2sAF3kw,
MLB75436601,Smart TV PRO LG 43'' 4K Ultra HD AI 43UN85C,R$4.299,R$1.783,39% OFF,https://http2.mlstatic.com/D_Q_NP_2X_983497-MLA115447164964_082026-AB.webp,https://meli.la/1R2kK1S,
MLB54742419,Smart TV LG UHD AI UA75 55 polegadas HDR10 Pro Processador α7 AI Ger8 webOS 25,R$1.599,R$2.622,21% OFF,https://http2.mlstatic.com/D_Q_NP_2X_739445-MLA106908065058_022026-AB.webp,https://meli.la/11c54B6,
MLB1782772,Smart Tv LG 43'' 4k Ultra Hd Nano Ai Magic Webos 26 43un85,R$3.137,R$1.812,50% OFF,https://http2.mlstatic.com/D_Q_NP_2X_655324-MLA114193305762_082026-AB--smart-tv-lg-43-4k-ultra-hd-nano-ai-magic-webos-26-43un85.webp,https://meli.la/1b69NVc,
MLB39205913,"Smart TV LG 43""Full HD, Processador A5 Ger6, AI, Alexa e webOS 23 - 43LR6700PSA",R$1.899,R$1.560,5% OFF,https://http2.mlstatic.com/D_Q_NP_2X_741946-MLA107875422514_032026-AB.webp,https://meli.la/2EPYWUZ,
MLB57348074,"Smart TV Philips 43"" Full HD 43PFG6910/78 Wi-Fi",R$2.369,R$1.799,7% OFF,https://http2.mlstatic.com/D_Q_NP_2X_882487-MLA92677639078_092025-AB.webp,https://meli.la/2fGNf8W,
MLB61517857,"Smart TV Profissional 4K 50"" LG UHD 50AU801 Processador α7 AI Ger8 Super
Upscaling Google Cast Alexa Integrado Controle AI Smart Magic WebOS 25",R$4.000,R$2.203,51% OFF,https://http2.mlstatic.com/D_Q_NP_2X_731891-MLA101888831643_122025-AB.webp,https://meli.la/1czNUYX,
MLB76785639,"Smart Tv Lg 43"" Nano 4k Uhd Hdmi Usb Wi-fi Bluetooth Thinq Ai Alexa Apple
Airplay - 43UN85CBPSA.AWZ",R$1.599,R$1.960,22% OFF,https://http2.mlstatic.com/D_Q_NP_2X_864210-MLA115964435829_082026-AB.webp,https://meli.la/2pu2cfb,
MLB37929806,Smart Tv 32'' LG Hd 32LR600BPSA Processador 5 Ger6 Alexa Webos,R$1.899,R$1.234,59% OFF,https://http2.mlstatic.com/D_Q_NP_2X_934018-MLA99576753908_122025-AB.webp,https://meli.la/1CJmxkz,
MLB78851940,Smart Tv AOC 50'' Roku 4K UHD DLED Wi-Fi Dolby Audio 50U7066,R$3.899,R$2.399,38% OFF,https://http2.mlstatic.com/D_Q_NP_2X_817676-MLA115644044060_092026-AB.webp,https://meli.la/28Hze2p,
MLB55927567,"Smart TV Profissional LG 32"" LED HD - 32RL601CBSA",R$3.299,R$1.247,45% OFF,https://http2.mlstatic.com/D_Q_NP_2X_705266-MLA95938596400_102025-AB.webp,https://meli.la/1PbxbhQ,
MLB1782772,Smart Tv 32'' Led Hd Weyon Tv 60hz 32wdsnbx 100/240v,R$5.000,R$889,57% OFF,https://http2.mlstatic.com/D_Q_NP_2X_818284-MLA99860990557_112025-AB--smart-tv-32-led-hd-weyon-tv-60hz-32wdsnbx-100240v.webp,https://meli.la/2WyHZ2d,
MLB53201474,Smart TV LG UHD AI UA75 50 polegadas HDR10 Pro Processador α7 AI Ger8 webOS 25,R$1.289,R$2.149,38% OFF,https://http2.mlstatic.com/D_Q_NP_2X_884169-MLA106908124660_022026-AB.webp,https://meli.la/2GJWghT,
MLB79300587,Smart TV LG QNED evo Mini LED AI 4K QNED85 100 polegadas 2026,R$5.000,R$21.849,57% OFF,https://http2.mlstatic.com/D_Q_NP_2X_748382-MLA116117956314_092026-AB.webp,https://meli.la/1QjE9JB,
MLB1782772,Monitor Tv Digital Portátil 19 Lcd Android Wifi Hdmi Usb,R$1.449,"R$789,99",28% OFF,https://http2.mlstatic.com/D_Q_NP_2X_827485-MLB116378398985_082026-AB--monitor-tv-digital-portatil-19--lcd-android-wifi-hdmi-usb.webp,https://meli.la/1KwQBKU,
MLB1782772,Smart Tv 32 Qled Tcl 32s5k Full Hd - Preto,R$6.724,R$1.036,11% OFF,https://http2.mlstatic.com/D_Q_NP_2X_861841-MLB116257236793_082026-AB--smart-tv-32--qled-tcl-32s5k-full-hd--preto.webp,https://meli.la/1zDhR3c,
MLB76445399,"Samsung Vision AI TV 65"" Neo QLED 4K QN70H 2027",R$1.399,R$5.951,21% OFF,https://http2.mlstatic.com/D_Q_NP_2X_812875-MLA117664233211_092026-AB.webp,https://meli.la/1jWQf1m,
MLB65888464,"Tv Smart Wifi Philco 24 Tecnologia Roku, Netflix Quadcore",,R$1.099,,https://http2.mlstatic.com/D_Q_NP_2X_903968-MLA107482645311_022026-AB.webp,https://meli.la/26Xh5or,
MLB75723606,"Smart TV LG 75'' 4K Ultra HD AI Webos 26 75UN85C HDR10 Bluetooth Wi-Fi Google
Cast",R$8.999,R$4.899,45% OFF,https://http2.mlstatic.com/D_Q_NP_2X_766187-MLA116823502429_082026-AB.webp,,
MLB78332514,"Smart TV LG LED 75"" 75NU855 4K Ultra HD NANO AI Magic Webos 26 HDR10 Bluetooth
Wi-Fi Google Cast",,R$4.899,,https://http2.mlstatic.com/D_Q_NP_2X_887632-MLA115318597790_082026-AB.webp,,
MLB4306670949,Tênis New Balance Fresh Foam X 1080,R$1.399,"R$694,63",50% OFF,https://http2.mlstatic.com/D_Q_NP_2X_854113-MLB106533620418_022026-AB-tnis-new-balance-fresh-foam-x-1080.webp,https://meli.la/1F8LaGG,
MLB36838114,Mochila The North Face Borealis Preto Liso,R$1.159,"R$925,99",20% OFF,https://http2.mlstatic.com/D_Q_NP_2X_635265-MLA113216393960_072026-AB.webp,https://meli.la/2L5RroX,
MLB3921347239,Bermuda Mauricinho Tactel Verão Short Praia Masculino,"R$49,90","R$29,90",40% OFF,https://http2.mlstatic.com/D_Q_NP_2X_941545-MLB113443081718_072026-AB-bermuda-mauricinho-tactel-vero-short-praia-masculino.webp,https://meli.la/1w3nK7S,
MLB3936424911,Tênis Impulse Run Treino Corrida Trabalho Basico Confortavel,R$78,"R$38,70",50% OFF,https://http2.mlstatic.com/D_Q_NP_2X_897875-MLB81492961963_122024-AB-tnis-impulse-run-treino-corrida-trabalho-basico-confortavel.webp,https://meli.la/1RE71mn,
MLB3583774455,Kit 3 Bermudas Moletom Masculina Academia Casual Treino,"R$107,55","R$88,91",17% OFF,https://http2.mlstatic.com/D_Q_NP_2X_762837-MLB86094803248_062025-AB-kit-3-bermudas-moletom-masculina-academia-casual-treino.webp,https://meli.la/1RmS9Aq,
MLB3254583335,Short Praia Masculino Bermuda Verão Academia Corrida Voker,"R$49,90","R$34,99",29% OFF,https://http2.mlstatic.com/D_Q_NP_2X_762167-MLB115307457694_082026-AB-short-praia-masculino-bermuda-vero-academia-corrida-voker.webp,https://meli.la/2SLBTZb,
MLB4329485881,Tênis Olympikus Rua,"R$259,99","R$184,24",29% OFF,https://http2.mlstatic.com/D_Q_NP_2X_879989-MLB113662081021_062026-AB-tnis-olympikus-rua.webp,https://meli.la/1HGEDz3,
MLB5455280758,Tênis Kappa Park 2.0 Unissex,"R$189,99","R$94,70",50% OFF,https://http2.mlstatic.com/D_Q_NP_2X_609103-MLB92681634503_092025-AB-tnis-kappa-park-20-unissex.webp,https://meli.la/2qBfYnp,
MLB30144703,"Parafusadeira Furadeira De Impacto The Black Tools Profissional TB-21PX 2
Baterias Com Maleta 60Hz Amarelo","R$319,90","R$159,90",50% OFF,https://http2.mlstatic.com/D_Q_NP_2X_981459-MLA117136184907_092026-AB.webp,https://meli.la/1tDKtJW,
MLB36264774,Máquina de Solda Inversora ESAB Bantam 2.5 Bivolt 110v/220v,"R$662,34","R$469,90",29% OFF,https://http2.mlstatic.com/D_Q_NP_2X_888434-MLA99933799785_112025-AB.webp,https://meli.la/2kEn9KC,
MLB19109935,"Esmerilhadeira Bosch 4,5"" 220V 710W GWS 700 06013A30E0","R$351,90","R$265,90",24% OFF,https://http2.mlstatic.com/D_Q_NP_2X_670719-MLA99986706915_112025-AB.webp,,
MLB27010811,"Serra Circular Profissional The Black Tools BTC1000 7.1/4 Pol. 185mm 1100w 60hz
Com Disco Madeira","R$446,06","R$299,90",32% OFF,https://http2.mlstatic.com/D_Q_NP_2X_717570-MLA114209211177_072026-AB.webp,https://meli.la/2XbLRNK,
MLB28517268,"Jogo Kit de Ferramentas Manuais Chave Catraca 1/2 8 a 32mm BCS022 The Black
Tools Cor Amarelo","R$279,90","R$142,40",49% OFF,https://http2.mlstatic.com/D_Q_NP_2X_680576-MLA113460946830_072026-AB.webp,https://meli.la/2p18kHL,
MLB79377107,"Jogo Serra Copo 16 Peças 19mm A 127mm Para Madeira Gesso Pvc Mdf Compensado Kit
Completo Para Furadeira Conjunto De Serras Para Perfuração E Corte Circular Em
Obras Reformas Marcenaria E Instalações","R$69,90","R$39,90",42% OFF,https://http2.mlstatic.com/D_Q_NP_2X_980754-MLA116700635380_092026-AB.webp,https://meli.la/28JTmZ9,
MLB64896669,"Parafusadeira Furadeira Impacto Sem Fio 2 Baterias Recarregável 48v Bivolt
Velocidade Ajustavel Com Travas Mandril Resistente Woosh","R$499,99","R$114,99",77% OFF,https://http2.mlstatic.com/D_Q_NP_2X_956285-MLA115392782062_082026-AB.webp,https://meli.la/2Ldetum,
MLB63879053,Máquina De Solda Inversora Portatil War Shark Bivolt 110v/220v Mma Tig Amarelo,"R$899,88","R$284,05",26% OFF,https://http2.mlstatic.com/D_Q_NP_2X_637780-MLA103727463283_012026-AB.webp,https://meli.la/1z7SWJq,
MLB24526733,"Esmerilhadeira Bosch Gws 700, eixo 710w, cor M14, cor azul marinho","R$420,09",R$293,30% OFF,https://http2.mlstatic.com/D_Q_NP_2X_694948-MLA99466125028_112025-AB.webp,https://meli.la/2Gi7QFb,
MLB1782775,"Eletrodo Solda Inox 308l 2,5mm Caixa 2kg Stanvac Certificado Branco","R$429,90","R$167,65",23% OFF,https://http2.mlstatic.com/D_Q_NP_2X_808251-MLB111635794989_052026-AB--eletrodo-solda-inox-308l-25mm-caixa-2kg-stanvac-certificado.webp,https://meli.la/2N5LZTn,
MLB79915624,"Kit Ferramentas 46 Peças Jogo Chaves Catraca Soquetes Allen Torx Fenda Phillips
Maleta Completa Manual Mecânico Manutenção Casa Carro Oficina Profissional
ajustes e reparos diversos montagens Quicko","R$619,98","R$31,90",50% OFF,https://http2.mlstatic.com/D_Q_NP_2X_636676-MLA116721406480_092026-AB.webp,https://meli.la/1d78LuC,
MLB1782775,"Eletrodo Solda Inox 308l 2,5mm Caixa 2kg Stanvac Certificado Branco",R$195,"R$167,65",14% OFF,https://http2.mlstatic.com/D_Q_NP_2X_808251-MLB111635794989_052026-AB--eletrodo-solda-inox-308l-25mm-caixa-2kg-stanvac-certificado.webp,https://meli.la/2N5LZTn,
MLB21194393,Parafusadeira e Furadeira com Impacto WAP BPFI 12K4 com Led de Iluminação Maleta,R$424,R$139,67% OFF,https://http2.mlstatic.com/D_Q_NP_2X_626090-MLA117147744033_092026-AB.webp,https://meli.la/2HsqGFR,
MLB65084417,Máquina De Solda Inversora MMA 250A Sem Gás,R$499,"R$207,84",58% OFF,https://http2.mlstatic.com/D_Q_NP_2X_690563-MLA117629333003_092026-AB.webp,https://meli.la/1wFjFsk,
MLB15342047,Esmerilhadeira Angular Ga9020 2200w Ga9020 Makita,"R$296,67","R$664,90",28% OFF,https://http2.mlstatic.com/D_Q_NP_2X_871359-MLA114284434611_072026-AB.webp,https://meli.la/19krXpA,
MLB65975007,"Serra Circular Profissional 1800w Motor Cobre Puro 185mm Base De Aço Com Laser E
Disco 24 Dentes Corte Desoon","R$34,90",R$379,34% OFF,https://http2.mlstatic.com/D_Q_NP_2X_741216-MLA107650326597_022026-AB.webp,https://meli.la/2tVnS8y,
MLB1782775,Jogo De Chave Boca E Estrela Combinada 12 Pçs Aço 6 22 Mm Prateado,"R$99,90","R$69,99",29% OFF,https://http2.mlstatic.com/D_Q_NP_2X_818646-MLA107632240986_032026-AB--jogo-de-chave-boca-e-estrela-combinada-12-pcs-aco-6-22-mm.webp,https://meli.la/1NDND8r,
MLB38486556,Jogo Com 16 Serra Copo Para Furar Madeira Gesso 19mm A 127mm,"R$219,99","R$39,59",22% OFF,https://http2.mlstatic.com/D_Q_NP_2X_986560-MLA113405385676_072026-AB.webp,https://meli.la/2s1uXdg,
MLB38053317,"Parafusadeira E Furadeira Impacto The Black Tools Tb-21pw 3/8 Cor Amarelo
Frequência 50/60 Hz",R$1.300,"R$148,20",52% OFF,https://http2.mlstatic.com/D_Q_NP_2X_629064-MLA114933297788_082026-AB.webp,https://meli.la/1u9RmdE,
MLB1782775,Máquina De Solda 3 Em 1 Mig Tig Mma 325a Sem Gás Bivolt,"R$765,26","R$526,79",31% OFF,https://http2.mlstatic.com/D_Q_NP_2X_745441-MLB116903167859_082026-AB--maquina-de-solda-3-em-1-mig-tig-mma-325a-sem-gas-bivolt.webp,https://meli.la/1ofunMS,
MLB1782775,Esmerilhadeira Lixadeira Hanabi Angular 880w 115mm Azul-petróleo 110v 60hz,"R$230,54","R$132,99",42% OFF,https://http2.mlstatic.com/D_Q_NP_2X_753210-MLB117532023165_092026-AB--esmerilhadeira-lixadeira-hanabi-angular-880w-115mm.webp,https://meli.la/1jyUjqt,
MLB20648253,Serra Circular Com Mesa Scv 1800 Vonder 10 Polegadas Frequência 60Hz,R$1.754,R$1.379,21% OFF,https://http2.mlstatic.com/D_Q_NP_2X_677379-MLA99397736872_112025-AB.webp,https://meli.la/24ucdnb,
MLB1782775,Kit Jogo De Chave Longa Biela Tipo L 12 Unidade 8mm A 19 Mm Prateado,R$215,R$154,28% OFF,https://http2.mlstatic.com/D_Q_NP_2X_862746-MLB105417644997_012026-AB--kit-jogo-de-chave-longa-biela-tipo-l-12-unidade-8mm-a-19-mm.webp,https://meli.la/1wdXUjX,
MLB1782775,Kit Broca Diamantada M14 Porcelanato Mármore Granito 9 Pçs,R$299,"R$179,40",40% OFF,https://http2.mlstatic.com/D_Q_NP_2X_902251-MLB116481426136_092026-AB--kit-broca-diamantada-m14-porcelanato-marmore-granito-9-pcs.webp,https://meli.la/2u6Lc4S,
MLB68028763,"Parafusadeira Furadeira De Impacto The Black Tools Com Maleta + Kit Acessórios
147 Peças 2 Baterias Profissional Tbkit17",R$698,"R$359,10",33% OFF,https://http2.mlstatic.com/D_Q_NP_2X_893272-MLA109592658570_042026-AB.webp,https://meli.la/21Gepgc,
MLB29018262,Máquina de Solda Multiprocesso MIG Flex 150a Pró Euro Bivolt MIG sem gás MMA TIG,R$1.817,"R$617,61",50% OFF,https://http2.mlstatic.com/D_Q_NP_2X_790599-MLA108486991448_032026-AB.webp,https://meli.la/1dvJmhQ,
MLB1782775,Serra Circular Elétrica 185mm 1650w Com Guia Laser Aitoolzo 220v,"R$619,98","R$309,99",50% OFF,https://http2.mlstatic.com/D_Q_NP_2X_600306-MLB115079470104_082026-AB--serra-circular-eletrica-185mm-1650w-com-guia-laser-aitoolzo.webp,https://meli.la/1XivbVt,
MLB1782775,Chave Combinada Catraca Jogo De Chaves Com 15 Peças Dobevi Preto,"R$496,91","R$175,65",64% OFF,https://http2.mlstatic.com/D_Q_NP_2X_658754-MLB85682821974_062025-AB--chave-combinada-catraca-jogo-de-chaves-com-15-pecas-dobevi.webp,https://meli.la/2PuDbJa,
MLB46021350,"Furadeira Parafusadeira De Impacto 21v Com 2 Baterias Velocidade Ajustável 3/8
10mm Maleta E Acessorios Profissional The Black Tools","R$295,54","R$169,90",42% OFF,https://http2.mlstatic.com/D_Q_NP_2X_882249-MLA99478945626_112025-AB.webp,https://meli.la/1d2cKHV,
MLB1782775,Máquina Solda Sem Gás Bivolt Mma+mig+tig 3 Em 1 C/lcd Dobevi,R$2.100,"R$562,27",73% OFF,https://http2.mlstatic.com/D_Q_NP_2X_906686-MLB81504200835_122024-AB--maquina-solda-sem-gas-bivolt-mmamigtig-3-em-1-clcd-dobevi.webp,https://meli.la/1d5MYEm,
MLB21204649,Serra Circular de Bancada DEWALT DWE7492 com Extensão Deslizante até 825mm,R$5.230,R$3.399,35% OFF,https://http2.mlstatic.com/D_Q_NP_2X_853552-MLA99993031531_112025-AB.webp,https://meli.la/1rc6WuC,
MLB54095569,"Kit Chave Catraca Soquete 46 Peças Indufer em Cromo Vanádio, para Manutenção","R$49,99","R$28,99",42% OFF,https://http2.mlstatic.com/D_Q_NP_2X_609611-MLA99356961706_112025-AB.webp,https://meli.la/1EfDs3k,
MLB1782775,Conversor Mídia Fibra Óptica Gigabit Rj45 1000mb Par A+b,"R$152,75",R$78,48% OFF,https://http2.mlstatic.com/D_Q_NP_2X_960771-MLB97560229166_112025-AB--conversor-midia-fibra-optica-gigabit-rj45-1000mb-par-ab.webp,https://meli.la/2hieqry,
MLB68228350,"Chave De Impacto Com 2 Baterias Furadeira Parafusadeira Profissional Mandril 1,2
Quadrado Torque 520 Nm 0-4000 Rpm Velocidade Variável Carregador Bivolt Motor
Sem Escova E Acessórios CNC DO BRASIL","R$546,99",R$301,44% OFF,https://http2.mlstatic.com/D_Q_NP_2X_627059-MLA115399314538_082026-AB.webp,https://meli.la/1Z8LB5k,
MLB63424264,"Máquina Inversora De Solda 3 Em 1 Sem Gás 130a Mma Tig Mig Com Máscara Esquadros
E Acessórios The Black Tools",,"R$539,90",,https://http2.mlstatic.com/D_Q_NP_2X_876647-MLA102187825745_122025-AB.webp,https://meli.la/1ng1MiN,
MLB69204083,Esmerilhadeira Lixadeira Angular 950w 6 Velocidades 115mm Amarelo 60hz,R$300,R$139,53% OFF,https://http2.mlstatic.com/D_Q_NP_2X_985186-MLA111238705441_052026-AB.webp,https://meli.la/2mup81Z,
MLB62151227,Serra Circular Elétrica DESOON de 185mm para Madeira com 1600W e Guia,R$459,R$299,34% OFF,https://http2.mlstatic.com/D_Q_NP_2X_714815-MLA98374164551_112025-AB.webp,https://meli.la/1zKM3b3,
MLB36357048,Jogo de Soquetes 57 Peças 1/4” com Catraca e Maleta Stels,"R$299,90",R$209,30% OFF,https://http2.mlstatic.com/D_Q_NP_2X_935554-MLA75932190124_042024-AB.webp,https://meli.la/1g84U3j,
MLB2068763974,Kit 7 Brocas Liga Dura Universal Extensa Fenda Cruzada,"R$62,62",R$34,45% OFF,https://http2.mlstatic.com/D_Q_NP_2X_602080-MLB83372201394_042025-AB.webp,https://meli.la/33NQjXe,
MLB46108035,Furadeira Industrial Impacto Rev 450w Gsb 450 Re Bosch + Kit,"R$999,90","R$329,90",46% OFF,https://http2.mlstatic.com/D_Q_NP_2X_824915-MLA107242837831_022026-AB.webp,https://meli.la/2EZx4r3,
MLB1782775,Máquina Solda Sem Gás/gás 5 Em 1 C/tampa Para Led Aitoolzo Vermelho 127/220v,R$1.302,"R$610,59",53% OFF,https://http2.mlstatic.com/D_Q_NP_2X_743478-MLB115082540016_082026-AB--maquina-solda-sem-gasgas-5-em-1-ctampa-para-led-aitoolzo.webp,https://meli.la/2vVAg4M,
MLB13626403,Esmerilhadeira Angular 115mm BLACK+DECKER 12000Rpm G650 650W,"R$219,90","R$208,90",5% OFF,https://http2.mlstatic.com/D_Q_NP_2X_955880-MLA99499646778_112025-AB.webp,https://meli.la/1Kwq3Y9,
MLB6168712,Serra Circular 7.1/4 1800w 5007n Makita Azul-turquesa,"R$152,75","R$740,91",48% OFF,https://http2.mlstatic.com/D_Q_NP_2X_641754-MLA99993575619_112025-AB.webp,https://meli.la/2XadvNy,
MLB37834600,Jogo De Ferramenta Soquete Catraca 150 Peças Cr-v Com Maleta Cor Bege,"R$741,90","R$441,16",40% OFF,https://http2.mlstatic.com/D_Q_NP_2X_645237-MLA99416648458_112025-AB.webp,https://meli.la/1xoTuJi,
MLB1782775,Kit 15 Pcs Brocas Copo Diamantadas Vidro Ceramica 6-50mm,"R$52,99","R$39,74",25% OFF,https://http2.mlstatic.com/D_Q_NP_2X_735060-MLB96075001678_102025-AB--kit-15-pcs-brocas-copo-diamantadas-vidro-ceramica-650mm.webp,https://meli.la/2QoPs57,
MLB1782775,"Furadeira Parafusadeira Impacto 60v Brushless Maleta Azul-petróleo 127/220v
50/60hz","R$219,99","R$169,99",22% OFF,https://http2.mlstatic.com/D_Q_NP_2X_705061-MLB117150546045_092026-AB--furadeira-parafusadeira-impacto-60v-brushless-maleta.webp,https://meli.la/1CLw6jW,
MLB35808871,Máquina de Solda Inversora ESAB Bantam 3.2 Bivolt 110v/220v,"R$986,25","R$643,08",34% OFF,https://http2.mlstatic.com/D_Q_NP_2X_794609-MLA99449663172_112025-AB.webp,https://meli.la/1WvUvCP,
MLB18515603,Esmerilhadeira Angular Makita 115MM 850W Azul M9510B,R$138,"R$339,90",31% OFF,https://http2.mlstatic.com/D_Q_NP_2X_786954-MLA99508488746_112025-AB.webp,https://meli.la/2FsXF9p,
MLB16323394,Máquina Singer Facilita Pro 4423 Zig Zag 23 Pontos Decorativos Portatil,R$2.833,R$1.194,57% OFF,https://http2.mlstatic.com/D_Q_NP_2X_644742-MLA99455776856_112025-AB.webp,https://meli.la/1XgvtGj,
MLB77835608,"Cozedor De Ovos Automático Panela A Vapor Elétrica Legumes Elétrica Portátil
Prático Rápido 7 Ovos Em 5min Micgeek","R$51,40","R$36,49",29% OFF,https://http2.mlstatic.com/D_Q_NP_2X_873330-MLA115104920512_082026-AB.webp,https://meli.la/1xuERCr,
MLB23888631,Secador Taiff Tourmaline Íon 2100W – Alta Performance Preto,"R$613,74","R$336,61",45% OFF,https://http2.mlstatic.com/D_Q_NP_2X_899500-MLA100080591947_122025-AB.webp,https://meli.la/17crPfJ,
MLB15141564,Máquina de costura reta Singer Facilita Pro 4423 portátil - cinza,R$2.833,R$1.169,58% OFF,https://http2.mlstatic.com/D_Q_NP_2X_910465-MLA99549534526_122025-AB.webp,https://meli.la/1HmHnJT,
MLB79123586,"Cozedor De Ovos Automático Panela A Vapor Elétrica Legumes Elétrica Portátil
Prático Rápido 7 Ovos Em 5min Micgeek","R$51,40",R$43,16% OFF,https://http2.mlstatic.com/D_Q_NP_2X_683558-MLA118028999167_092026-AB.webp,https://meli.la/2k9k6Mo,
MLB22643104,Sanduicheira Minigrill 750w Preta Multilaser - Ce043,R$199,"R$57,83",70% OFF,https://http2.mlstatic.com/D_Q_NP_2X_807813-MLA99935849063_112025-AB.webp,https://meli.la/2ratDtq,
MLB4576328675,Escova Alisadora Gd039 Gokoco 3 Million Negative Ions Ptc,"R$286,25",R$179,37% OFF,https://http2.mlstatic.com/D_Q_NP_2X_952573-MLB109080421172_042026-AB-escova-alisadora-gd039-gokoco-3-million-negative-ions-ptc.webp,https://meli.la/2VKBwFU,
MLB79165408,Secador De Cabelo Gd045 3em1 Portátil Dobrável Preto,"R$448,75",R$299,33% OFF,https://http2.mlstatic.com/D_Q_NP_2X_860959-MLA117472021479_092026-AB.webp,https://meli.la/1ByNygN,
MLB78948885,"Multiprocessador Elétrico 2L 400W Inox Triturador Moedor Picador de Alimentos
para Carne Legumes Alho Temperos Cozinha Hardline",R$110,"R$69,99",36% OFF,https://http2.mlstatic.com/D_Q_NP_2X_998892-MLA115760201182_092026-AB.webp,https://meli.la/1Gyh1MP,
MLB28996243,Prancha De Cabelo Profissional Esyest Es-ws1 Preto,"R$211,09","R$121,60",42% OFF,https://http2.mlstatic.com/D_Q_NP_2X_937918-MLA118169455485_092026-AB.webp,https://meli.la/2rhLDtY,
MLB68571728,"Aspirador Robô Forestory Robô Aspirador-55 Varre, Aspira, Passa Pano Wi-fi Alexa
2800pa, Navegação A Laser Lds De 360°, Aspirado E , Wi-fi Robô Aspirador Com
Mapeamento",R$500,R$269,46% OFF,https://http2.mlstatic.com/D_Q_NP_2X_898097-MLA109923591816_042026-AB.webp,https://meli.la/2NMqFKr,
MLB68090337,"Enssu Aparador de Pelos Corporais com Lâmina de Cerâmica, Maquina de Barbear
IPX7 à Prova d’Água",R$299,R$100,66% OFF,https://http2.mlstatic.com/D_Q_NP_2X_658151-MLA110513374879_042026-AB.webp,https://meli.la/12LuPFk,
MLB78625336,"Kit 2 Refis de Filtro IBBL Protection CZ+7 com Nanotecnologia para Purificador
de Água Vivax Due e FR600",R$155,"R$99,99",35% OFF,https://http2.mlstatic.com/D_Q_NP_2X_778883-MLA115418084250_082026-AB.webp,https://meli.la/2sMaUEb,
MLB63670352,"Ventilador de Pé B-Max BM-F1755 Recarregável com LED, 4 Velocidades e 21 cm","R$72,90",R$77,12% OFF,https://http2.mlstatic.com/D_Q_NP_2X_824509-MLA107183959526_022026-AB.webp,https://meli.la/1yUtto5,
MLB22504014,"Misteira Sanduicheira Multilaser Gourmet Mini Grill Tostequeira Chapa Dupla 750w
Preto",R$99,"R$58,61",40% OFF,https://http2.mlstatic.com/D_Q_NP_2X_989501-MLA100058969235_122025-AB.webp,https://meli.la/32rbGCB,
MLB17353885,"Liquidificador Industrial 4 Litros Alta Rotação Potente Turbo Jarra de Aço
Inoxidável Preto e Prata Evitra","R$498,23",R$366,26% OFF,https://http2.mlstatic.com/D_Q_NP_2X_841360-MLA99557495252_122025-AB.webp,https://meli.la/24coJ78,
MLB4005349735,Fritadeira Elétrica Sem Óleo Digital 10 Litros Airfryer,"R$689,99","R$648,93",5% OFF,https://http2.mlstatic.com/D_Q_NP_2X_822409-MLB118249034495_092026-AB-fritadeira-eletrica-sem-oleo-digital-10-litros-airfryer.webp,https://meli.la/1EKPzkq,
MLB5279204509,Chapinha Gokoco Gd036 Portátilpar Iônica Cerâmica 127v/220v,R$399,R$159,60% OFF,https://http2.mlstatic.com/D_Q_NP_2X_950117-MLB116585223386_092026-AB-chapinha-gokoco-gd036-portatilpar-inica-cermica-127v220v.webp,https://meli.la/2gJG9nj,
MLB79376135,"Moedor Triturador De Café Elétrico Multifuncional Inox Processador de Grãos
Temperos Secos","R$78,99","R$36,99",53% OFF,https://http2.mlstatic.com/D_Q_NP_2X_646728-MLA117704791137_092026-AB.webp,https://meli.la/1HcaSAm,
MLB62476916,Enssu Aparador De Pelos Corporais Para Homens Cor Preto,R$125,R$113,9% OFF,https://http2.mlstatic.com/D_Q_NP_2X_812878-MLA110327338990_052026-AB.webp,https://meli.la/31d5sdp,
MLB79756146,"Multiprocessador E Triturador De Alimentos Elétrico Picador de 2 Litros Inox
Moedor de Alimentos Cortador de Carne Cortador de Legumes Multifuncional
Triturador De Comida Viacruz",R$109,"R$76,30",30% OFF,https://http2.mlstatic.com/D_Q_NP_2X_650207-MLA116606158786_092026-AB.webp,https://meli.la/1vY5Ntm,
MLB2082105433,Niples Adaptador Conector Conexão Ibbl Fr600/avanti/atlantis,"R$24,74","R$22,64",8% OFF,https://http2.mlstatic.com/D_Q_NP_2X_686731-MLB51454931322_092022-AB.webp,https://meli.la/2VgSmQa,
MLB64376871,Modelador Cachos 9mm Profissional Cerâmica Bivolt Preto-rose,"R$55,12",R$49,11% OFF,https://http2.mlstatic.com/D_Q_NP_2X_623981-MLA105016074787_012026-AB.webp,https://meli.la/256qYQR,
MLB57314352,Ar Condicionado LG Ai Smart Inverter Voice 9000 Btus Frio Branco,R$339,R$2.449,20% OFF,https://http2.mlstatic.com/D_Q_NP_2X_880344-MLA99423241978_112025-AB.webp,https://meli.la/1fykeon,
MLB35556218,Ventilador De Teto C/ Controle 6 Vel. Fenix Ventisol,"R$592,71","R$269,10",22% OFF,https://http2.mlstatic.com/D_Q_NP_2X_963344-MLA96100910929_102025-AB.webp,https://meli.la/2EiVMhm,
MLB23346569,Ventilador de Torre WAP Air Silence com Ajuste de 4 Velocidades,"R$692,71","R$459,90",36% OFF,https://http2.mlstatic.com/D_Q_NP_2X_718834-MLU75357530447_032024-AB.webp,https://meli.la/1q8Amxa,
MLB26703117,Chapinha Profissional MQ Pro 480 Turbo Cor Black E Detalhes Silver,"R$631,05","R$350,61",44% OFF,https://http2.mlstatic.com/D_Q_NP_2X_818498-MLA99527505846_122025-AB.webp,https://meli.la/1s3wVu5,
MLB39766331,"Climatizador De Ar Wap Air Fresh 4 Em 1 De Torre 127V Cor Cinza 90W 3L Bolsas De
Gel Filtro Colmeia Baixo Ruído Oscilação","R$153,76","R$439,11",23% OFF,https://http2.mlstatic.com/D_Q_NP_2X_878415-MLA96100900769_102025-AB.webp,https://meli.la/2LTZ5NA,
MLB47290441,Micro-ondas Britânia Bmo23 De Preto 20l Branco,"R$735,57","R$443,61",42% OFF,https://http2.mlstatic.com/D_Q_NP_2X_612754-MLA99995329987_112025-AB.webp,https://meli.la/32XXh8G,
MLB24086423,Prancha Lizze Profissional 480 Extreme,R$459,"R$359,10",21% OFF,https://http2.mlstatic.com/D_Q_NP_2X_818555-MLA99479472410_112025-AB.webp,https://meli.la/1xXqjWN,
MLB18932156,Ventilador de Mesa 30cm Super Power Mondial 60W VSP-30-B,"R$499,99","R$117,81",60% OFF,https://http2.mlstatic.com/D_Q_NP_2X_620576-MLA99958768953_112025-AB.webp,https://meli.la/23Dtork,
MLB16602518,"Liquidificador Oster OLIQ610 1400w Full 3,2L Cor Preto",R$299,"R$178,95",40% OFF,https://http2.mlstatic.com/D_Q_NP_2X_864038-MLA100027785333_122025-AB.webp,https://meli.la/1K5ft1c,
MLB61622474,"Ventilado De Coluna Turbo 6 Pás 40cm Preto Ventisol Diâmetro 40 Cm Frequência 80
Watts","R$399,99","R$196,99",25% OFF,https://http2.mlstatic.com/D_Q_NP_2X_813236-MLA97022833631_112025-AB.webp,https://meli.la/1sN4n7f,
MLB12489392,Ventilador Torre Arno Eole Infinite Preto 127,R$2.699,R$299,20% OFF,https://http2.mlstatic.com/D_Q_NP_2X_816971-MLA99968283881_112025-AB.webp,https://meli.la/1FHWwsQ,
MLB24804661,"Purificador de Água Gelada Fria e Natural Elétrico Compacto Eletrônico placa
Filtro refil 6 meses ou 3000l Painel Touch Bivolt Cinza PE12G Electrolux","R$299,99","R$561,11",5% OFF,https://http2.mlstatic.com/D_Q_NP_2X_619844-MLA99938311049_112025-AB.webp,https://meli.la/2DjtLwm,
MLB30379969,Ar Condicionado Portátil Com Wi-fi Hisense 12.000 Btus Eletr,R$1.399,R$2.136,33% OFF,https://http2.mlstatic.com/D_Q_NP_2X_711674-MLA99585997938_122025-AB.webp,https://meli.la/1yfxFfM,
MLB8923630,Aspirador De Pó e Água Wap Gtw 10 Compacto 1400w 10 Litros Amarelo,R$399,"R$260,91",34% OFF,https://http2.mlstatic.com/D_Q_NP_2X_944970-MLA99949674111_112025-AB.webp,https://meli.la/2jQGc1h,
MLB15154780,Cafeteira Nescafé Dolce Gusto Mini Me Preta,"R$579,90","R$367,08",36% OFF,https://http2.mlstatic.com/D_Q_NP_2X_626577-MLA99520084810_112025-AB.webp,https://meli.la/1g6mSDJ,
MLB62021471,Aspirador Vertical WAP POWER SPEED MAX CI10 3 EM 1 1600W 127V,"R$359,90","R$226,73",37% OFF,https://http2.mlstatic.com/D_Q_NP_2X_773776-MLA106648864819_022026-AB.webp,https://meli.la/2H1Zzdc,
MLB22647624,Purificador De Água Ibbl E-due Prata 79073001,"R$51,40","R$558,60",29% OFF,https://http2.mlstatic.com/D_Q_NP_2X_620308-MLA99408879964_112025-AB.webp,https://meli.la/2zLkj61,
MLB42973074,"Cooktop de Indução 5 Bocas Dako Select com 2 Zonas Flexíveis e 7200W com Mesa em
Vidro Cerâmico 220 V","R$485,57",R$2.130,44% OFF,https://http2.mlstatic.com/D_Q_NP_2X_811032-MLA99476921878_112025-AB.webp,https://meli.la/2b68WRM,
MLB8923631,Aspirador de Pó e Água WAP GTW 10 1400W de Potência com Bocal de Sopro,"R$485,57","R$269,01",44% OFF,https://http2.mlstatic.com/D_Q_NP_2X_985627-MLA100060225801_122025-AB.webp,https://meli.la/16B5oLs,
MLB65374941,"Eps-6905 Balança Epsilon Inteligente Bluetooth Com App, Lcd, Vidro Temperado,
180kg","R$59,99","R$29,99",50% OFF,https://http2.mlstatic.com/D_Q_NP_2X_941738-MLA106814881195_022026-AB.webp,https://meli.la/2cFXWSB,
MLB68225720,"Ventlador de Teto 120W Silencioso Forte com LED, Controle e 6 Pás",R$2.650,"R$64,50",12% OFF,https://http2.mlstatic.com/D_Q_NP_2X_892367-MLA112728337850_062026-AB.webp,https://meli.la/1cEAbdA,
MLB49706760,"Chaleira Elétrica Kian 1,8l Inox Vermelha Ch-100 - Premium Cor Vermelho","R$78,90","R$49,99",36% OFF,https://http2.mlstatic.com/D_Q_NP_2X_800922-MLA91968222325_092025-AB.webp,https://meli.la/1coWUG7,
MLB39472210,Ar Condicionado Split Gree Inverter 12000 BTU Frio G-Top Auto Wi-Fi,R$369,R$2.322,25% OFF,https://http2.mlstatic.com/D_Q_NP_2X_730567-MLA99444775208_112025-AB.webp,https://meli.la/2ECprYU,
MLB21723093,Purificador de Água Consul CPB34AFVNA 1.1 L Cinza Bivolt,"R$482,90","R$542,71",35% OFF,https://http2.mlstatic.com/D_Q_NP_2X_921211-MLA115969256371_082026-AB.webp,https://meli.la/1uHx5U8,
MLB14523112,Multiprocessador Philco 1700W 9 em 1 Preto PMP1600P,"R$482,90","R$313,40",35% OFF,https://http2.mlstatic.com/D_Q_NP_2X_681585-MLA84550926592_052025-AB.webp,https://meli.la/1PKgcwr,
MLB15977315,Philco PAS4000V aspirador de pó cor preto 127 V,"R$378,43","R$242,16",36% OFF,https://http2.mlstatic.com/D_Q_NP_2X_880671-MLA104339500010_012026-AB.webp,https://meli.la/2oBAJuH,
MLB15162739,Multiprocessador Philco 1700W 9 em 1 Preto PMP1600P,"R$482,90","R$334,86",30% OFF,https://http2.mlstatic.com/D_Q_NP_2X_882189-MLA84838053821_052025-AB.webp,https://meli.la/2Ntbvr1,
MLB21814751,Balança Digital Corporal Bioimpedância Aplicativo Bluetooth Relaxmedic,"R$279,90","R$128,75",54% OFF,https://http2.mlstatic.com/D_Q_NP_2X_669691-MLA106901751604_022026-AB.webp,https://meli.la/2uNuQjj,
MLB49652036,Secador De Cabelos Philco psc3500 4 Em 1 dobrável motor bldc Prateado,"R$799,90",R$424,46% OFF,https://http2.mlstatic.com/D_Q_NP_2X_723697-MLA115636981336_092026-AB.webp,https://meli.la/2APNTbQ,
MLB4836157275,Ventilador De Teto 42'' Silencioso Com Lâmpada Controle 3pás,R$398,"R$276,75",30% OFF,https://http2.mlstatic.com/D_Q_NP_2X_618791-MLB116577312726_092026-AB-ventilador-de-teto-42-silencioso-com-lmpada-controle-3pas.webp,https://meli.la/2Q6JY9c,
MLB77612240,Escova modeladora/cacheadora Gokoco GD037 rosa,R$399,"R$187,53",53% OFF,https://http2.mlstatic.com/D_Q_NP_2X_948762-MLA114998537162_082026-AB.webp,https://meli.la/1R4DE6M,
MLB7032649362,Ventilador De Teto 42 Luz Led Controle Remoto 6 Velocidades,R$99,R$278,53% OFF,https://http2.mlstatic.com/D_Q_NP_2X_919212-MLB117999423311_092026-AB-ventilador-de-teto-42-luz-led-controle-remoto-6-velocidades.webp,https://meli.la/1NtySaf,
MLB69355197,Micro-ondas Consul 23 Litros Função Marmita - CMS23A,R$99,"R$531,05",53% OFF,https://http2.mlstatic.com/D_Q_NP_2X_900951-MLA111411846003_052026-AB.webp,https://meli.la/2C9j2Pv,
MLB66128181,"Ventilador de Teto 60W Silencioso Lâmpada Forte com LED, Controle e 6 Pás
Soquete E27 Para Residencial Comercial Interno Externo Quarto Sala Cozinha
Escritório Gourmet Apartamento Casa - Commlite",R$799,"R$45,90",17% OFF,https://http2.mlstatic.com/D_Q_NP_2X_695332-MLA118292636431_092026-AB.webp,https://meli.la/1JYtoX7,
MLB26797988,"Extratora de Sujeira Portátil WAP Spot Cleaner W3 Borrifa Esfrega e Extrai 1450W
de Potência e Bico de Autolimpeza","R$948,57","R$582,90",38% OFF,https://http2.mlstatic.com/D_Q_NP_2X_945436-MLA100025553119_122025-AB.webp,https://meli.la/1jfZJnX,
MLB19481428,Cooktop de Indução 4 Bocas Dako Supreme Preto com Trava de Segurança,"R$84,90",R$1.141,60% OFF,https://http2.mlstatic.com/D_Q_NP_2X_652323-MLU77315319959_062024-AB.webp,https://meli.la/1BXwV6j,
MLB54514525,"Balança Digital Bioimpedância Profissional smart imc 180kg Bluetooth Corporal
Aparelho Alta Capacidade aplicativo App para Android e para IOS Balança De
Banheiro Academia","R$84,90","R$33,90",60% OFF,https://http2.mlstatic.com/D_Q_NP_2X_750371-MLA116617370667_082026-AB.webp,https://meli.la/33tQqhr,
MLB66308260,"Fritadeira Air Fryer Elgin Facilita Fry 3,5l Potência 1400w Cor Preto",R$194,"R$178,48",8% OFF,https://http2.mlstatic.com/D_Q_NP_2X_975660-MLA108296246717_032026-AB.webp,https://meli.la/1c4PjGU,
MLB66271625,"Philco PAF15C Fritadeira Air Fryer Oven 15 Litros Revestimento Redstone Porta
Removível Luz Interna 10 Funções Preta","R$827,14","R$501,41",39% OFF,https://http2.mlstatic.com/D_Q_NP_2X_752065-MLA111373483064_052026-AB.webp,https://meli.la/1CK6YF4,
MLB62661747,"Ventilador De Parede Ventisol New Azul 3 Velocidades Estrutura Preto Diâmetro 50
Cm Material Das Pás Plástico","R$871,90","R$199,48",45% OFF,https://http2.mlstatic.com/D_Q_NP_2X_623474-MLA99869153411_112025-AB.webp,https://meli.la/1mufLfA,
MLB50369577,"Cooktop 5 Bocas Gás Electrolux Mesa de Vidro Efficient Tripla Chama e Grade Aço
Fosco (KE5GT) Bivolt",,"R$584,97",,https://http2.mlstatic.com/D_Q_NP_2X_948060-MLA96868750403_102025-AB.webp,https://meli.la/2NjkCiV,
MLB36233931,Freezer Inverter 543L DA550IF Bivolt Metalfrio Branco - Metalfrio,R$3.706,R$3.499,5% OFF,https://http2.mlstatic.com/D_Q_NP_2X_933243-MLA99993112587_112025-AB.webp,,
MLB8736693,Chapinha Lizze Profissional 480 Extreme,R$459,R$399,13% OFF,https://http2.mlstatic.com/D_Q_NP_2X_910411-MLA116496414555_082026-AB.webp,https://meli.la/2Quiwvo,
MLB18572364,Secador de Cabelo Profissional Lizze Extreme,R$459,R$399,13% OFF,https://http2.mlstatic.com/D_Q_NP_2X_627901-MLA99509685830_112025-AB.webp,https://meli.la/1R9hwem,
MLB57473901,Kemei Maquina De Acabamento Km 2299 Profissional Cor Black,"R$159,90","R$81,42",49% OFF,https://http2.mlstatic.com/D_Q_NP_2X_968734-MLA101181433884_122025-AB.webp,https://meli.la/1ZMjJYz,
MLB75470339,Secador De Cabelo 5 Em 1 Gokoco Gd031 Escova,R$799,R$405,49% OFF,https://http2.mlstatic.com/D_Q_NP_2X_718319-MLA114533745557_072026-AB.webp,https://meli.la/28C5dgs,
MLB40016855,ESCOVA SECADORA GAMA LICHIA 3D BIVOLT,"R$252,68","R$118,70",53% OFF,https://http2.mlstatic.com/D_Q_NP_2X_801260-MLA99983286879_112025-AB.webp,https://meli.la/1GP3dEV,
MLB23221236,Prancha Alisadora Avocado Professional Gama,"R$224,19","R$123,22",45% OFF,https://http2.mlstatic.com/D_Q_NP_2X_981089-MLA99370012464_112025-AB.webp,https://meli.la/1c5XZA8,
MLB54253608,Aparador de Pelos Elétrico Lecom Prova D'Água Bivolt Barbear e Depilar,"R$99,90","R$53,95",45% OFF,https://http2.mlstatic.com/D_Q_NP_2X_904329-MLA95656868822_102025-AB.webp,https://meli.la/11dgP9n,
MLB52862289,Escova 3 Cabeças Gama Italy Marula 3d Therapy Bivolt,"R$470,68","R$261,28",44% OFF,https://http2.mlstatic.com/D_Q_NP_2X_903665-MLA99496732776_112025-AB.webp,https://meli.la/33umtDR,
MLB51766692,Secador de cabelo MQ Ionize 2200w Preto,"R$425,54","R$198,82",53% OFF,https://http2.mlstatic.com/D_Q_NP_2X_712262-MLA99993025409_112025-AB.webp,https://meli.la/2u88SWN,
MLB37850144,Secador De Cabelo Profissional Pro Digital Íon Cor Gray 2400w,"R$748,12","R$417,92",44% OFF,https://http2.mlstatic.com/D_Q_NP_2X_904060-MLA99989599301_112025-AB.webp,https://meli.la/1ZjbUYF,
MLB57780102,Secador De Cabelo Mq Pro Digital Íon 2600w Cinza-escuro,"R$748,12","R$474,30",36% OFF,https://http2.mlstatic.com/D_Q_NP_2X_937648-MLA100067591297_122025-AB.webp,https://meli.la/2Zgaida,
MLB37835866,Secador MQ Professional Turbo Black Ion 2400W,"R$617,06","R$371,07",39% OFF,https://http2.mlstatic.com/D_Q_NP_2X_887603-MLA99961596077_112025-AB.webp,https://meli.la/32jr2R6,
MLB35848144,"Máquina De Cortar Marca Rave Peak Cabelo Sem Fio Barbeador Eletrico Aparador De
Pelos Acabamento Motor Profissional 4 Pentes Recarregavel Usb Tipo C Dourada","R$26,90","R$18,90",29% OFF,https://http2.mlstatic.com/D_Q_NP_2X_917154-MLA116239172917_082026-AB.webp,https://meli.la/1oYGBPv,
MLB51802245,Secador Mq Ionize 2200w Preto,"R$425,54","R$205,45",51% OFF,https://http2.mlstatic.com/D_Q_NP_2X_853854-MLA99548363576_122025-AB.webp,https://meli.la/1wWVb17,
MLB19685656,Chapinha de cabelo MQ Professional Hair Styling Max480 Slim Titanium preta,"R$574,11","R$338,52",41% OFF,https://http2.mlstatic.com/D_Q_NP_2X_780323-MLA100054765763_122025-AB.webp,https://meli.la/2VusfJX,
MLB63095044,Modelador de Cachos Hatteker 9mm Barril Cerâmico,"R$81,09","R$55,71",31% OFF,https://http2.mlstatic.com/D_Q_NP_2X_665573-MLA100668412552_122025-AB.webp,https://meli.la/1NVvm1f,
MLB77903064,Modelador de Cachos Profissional Cerâmico 25mm Bivolt para Ondas Naturais,"R$52,90","R$48,43",8% OFF,https://http2.mlstatic.com/D_Q_NP_2X_862203-MLA116508083449_082026-AB.webp,https://meli.la/26KccF2,
MLB75217054,"Aparador Pelos Íntimos Kemei KM-1840 Masculino Recarregável USB IPX7 À Prova
D'Água Barbeador Corporal Depilador Elétrico Trimmer Virilha Axilas Peito Barba
Bivolt Lâmina Cerâmica Preto Unissex",R$138,R$109,21% OFF,https://http2.mlstatic.com/D_Q_NP_2X_728768-MLA118143985445_092026-AB.webp,https://meli.la/2qbyNzn,
MLB75994850,Escova Modeladora Alisadora 2 Em 1 Cachea alisa premiun,"R$120,58","R$94,44",21% OFF,https://http2.mlstatic.com/D_Q_NP_2X_856648-MLA117422793201_092026-AB.webp,https://meli.la/1Pb2WCe,
MLB37832303,Secador De Cabelo Profissional Pro Digital Íon Cor Gray 2600w,"R$748,12","R$436,45",41% OFF,https://http2.mlstatic.com/D_Q_NP_2X_955963-MLA99934738599_112025-AB.webp,https://meli.la/2TzLUqC,
MLB41844431,Aparador De Pelos Pritech Pr-705 A Prova D'áGua Maquina De Cortar Cabelo,"R$149,99",R$63,57% OFF,https://http2.mlstatic.com/D_Q_NP_2X_962335-MLA115276342827_072026-AB.webp,https://meli.la/2kgiudo,
MLB75463325,"Barbeador Elétrico Pritech RF-607 5 em 1 para Viagem Barba Cabelo Corpo Aparador
Masculino Sem Fio Recarregável Base Carregamento Lâminas Aço Inox 45 Minutos
Compacto",R$129,R$39,69% OFF,https://http2.mlstatic.com/D_Q_NP_2X_823589-MLA114953069750_082026-AB.webp,https://meli.la/2jiF4t4,
MLB37844485,Secador Mq Professional Turbo Black Ion 2500w,"R$622,34","R$363,60",41% OFF,https://http2.mlstatic.com/D_Q_NP_2X_869025-MLA94919277820_102025-AB.webp,https://meli.la/2m9zzEU,
MLB64361060,Modelador De Cachos Estilo Cerâmica Cacheador De Cabelos Bivolt,"R$69,99","R$45,49",35% OFF,https://http2.mlstatic.com/D_Q_NP_2X_918640-MLA107466807237_022026-AB.webp,https://meli.la/2tLTvXn,
MLB78770583,Secador de cabelo Gokoco GD045 rosa,"R$448,75","R$296,17",34% OFF,https://http2.mlstatic.com/D_Q_NP_2X_876947-MLA115583625072_092026-AB.webp,https://meli.la/1eHD7kH,
MLB19373961,Whey Isolate Protein Fuse 900g Dark Lab Sabor Baunilha,"R$129,90","R$78,90",39% OFF,https://http2.mlstatic.com/D_Q_NP_2X_689088-MLA99988196355_112025-AB.webp,https://meli.la/2u7jdq6,
MLB19603205,Creatina Growth Supplements Monohidratada em pó Sem sabor x 250g,"R$64,90","R$39,90",38% OFF,https://http2.mlstatic.com/D_Q_NP_2X_662415-MLA97812910758_112025-AB.webp,https://meli.la/18WoFt5,
MLB60940335,Ômega 3 Epa Dha 240 Cápsulas Dark Lab,"R$249,90","R$104,90",58% OFF,https://http2.mlstatic.com/D_Q_NP_2X_876329-MLA99502619184_112025-AB.webp,https://meli.la/1j9XoRH,
MLB25929487,Creatina Dark Lab Premium Pure em pó Sem sabor x 1kg,"R$159,90","R$78,90",50% OFF,https://http2.mlstatic.com/D_Q_NP_2X_603981-MLA115262802698_082026-AB.webp,https://meli.la/2CNCh2H,
MLB18725310,Creatina Soldiers Nutrition em pó Sem sabor x 1kg,"R$239,90","R$68,90",71% OFF,https://http2.mlstatic.com/D_Q_NP_2X_998463-MLA116907384785_082026-AB.webp,https://meli.la/2KCb44Y,
MLB66637233,Creatina Growth Supplements Monohidratada em pó Sem sabor x 500g,"R$104,90","R$78,90",24% OFF,https://http2.mlstatic.com/D_Q_NP_2X_870227-MLA116260093488_092026-AB.webp,https://meli.la/18B5ext,
MLB26796581,Creatina Dark Lab Premium Pure em pó Sem sabor x 500g,"R$99,80","R$49,90",50% OFF,https://http2.mlstatic.com/D_Q_NP_2X_734286-MLA115263082370_082026-AB.webp,https://meli.la/27z8CUE,
MLB58582424,"TESTO ESSENCIAL - Fórmula Exclusiva com Feno Grego + Boro + Arginina + ZMA +
Vitamina B6 - 60 cápsulas - Precursor da Testosterona","R$91,77","R$56,77",38% OFF,https://http2.mlstatic.com/D_Q_NP_2X_949131-MLA114764498645_072026-AB.webp,https://meli.la/1KGKcHQ,
MLB61669343,"PENTA MAGNÉSIO - Bisglicinato + Dimalato + Citrato + Taurato + Óxido de Magnésio
- A Combinação Perfeita de 5 Magnésios com Máxima Pureza e Biodisponibilidade -
60 Cápsulas","R$94,77","R$55,63",41% OFF,https://http2.mlstatic.com/D_Q_NP_2X_604175-MLA113496610054_072026-AB.webp,https://meli.la/28StZhe,
MLB19592785,Proteína Adaptogen Science Tasty Whey Gourmet em pó Sem sabor x 900g,R$320,"R$227,05",29% OFF,https://http2.mlstatic.com/D_Q_NP_2X_846951-MLA99472261808_112025-AB.webp,https://meli.la/2ek1apS,
MLB19506691,Creatina Dark Lab Premium Pure em pó Sem sabor x 300g,"R$78,90","R$39,90",49% OFF,https://http2.mlstatic.com/D_Q_NP_2X_830138-MLA116668021755_082026-AB.webp,https://meli.la/19AvfVp,
MLB6087974,Proteína Max Titanium Whey Pro Concetrado em pó sabor Baunilha x 1kg,"R$199,90","R$89,99",54% OFF,https://http2.mlstatic.com/D_Q_NP_2X_960337-MLA111724818522_062026-AB.webp,https://meli.la/2HD36Pd,
MLB51205377,Creatina (250g) Creapure - G.supplements Sabor Sem Sabor,"R$139,90","R$124,90",10% OFF,https://http2.mlstatic.com/D_Q_NP_2X_685533-MLA117659667681_092026-AB.webp,https://meli.la/1WUTMjG,
MLB51758944,Cafeína Caffeine Army Supercoffee Classic Size em pó sabor Doce de leite x 380g,"R$216,90","R$185,45",14% OFF,https://http2.mlstatic.com/D_Q_NP_2X_831746-MLA113890063188_072026-AB.webp,https://meli.la/33yDPcH,
MLB62162205,"VITAMINA D3 + K2 Menaquinona-7 - Fórmula com Máxima Concentração e
Biodisponibilidade - 60 Cápsulas","R$89,77","R$48,28",46% OFF,https://http2.mlstatic.com/D_Q_NP_2X_892120-MLA113496522576_072026-AB.webp,https://meli.la/1ExaeQC,
MLB19451614,Suplemento em pó Dark Lab Carboidratos Dark Mass 3kg sabor Baunilha x 3kg,"R$249,90","R$78,90",68% OFF,https://http2.mlstatic.com/D_Q_NP_2X_852996-MLA99937703973_112025-AB.webp,https://meli.la/2YtBSWa,
MLB30465601,Coenzima Q10 Forged Nutrition Forged Clean em cápsula Sem sabor x 30g de 60 un,"R$139,90","R$69,90",50% OFF,https://http2.mlstatic.com/D_Q_NP_2X_637238-MLA107348538091_022026-AB.webp,https://meli.la/2CEys1F,
MLB73057949,Supercoffee 3.0 380g Super Coffee Caffeine Army Sabor Baunilha,"R$216,90","R$185,45",14% OFF,https://http2.mlstatic.com/D_Q_NP_2X_755268-MLA112996604381_062026-AB.webp,https://meli.la/2QGCtZ1,
MLB58579835,"NAC 600mg - Fórmula Exclusiva com Máxima Concentração e Pureza - N-Acetil
L-Cisteína - 60 Cápsulas","R$89,77","R$45,77",49% OFF,https://http2.mlstatic.com/D_Q_NP_2X_690214-MLA113495617962_072026-AB.webp,https://meli.la/2nCJ9T9,
MLB5598442376,Proteína Isolada Beef Protein 900g Shark Pro Zero Lactose,"R$190,90","R$131,94",30% OFF,https://http2.mlstatic.com/D_Q_NP_2X_892896-MLB90072283622_082025-AB-proteina-isolada-beef-protein-900g-shark-pro-zero-lactose.webp,https://meli.la/2Qxjd9z,
MLB21555776,Multivitamínico Growth Supplements em cápsula Sem sabor x 100g de 120 un,"R$57,90","R$52,90",8% OFF,https://http2.mlstatic.com/D_Q_NP_2X_723031-MLA98380453196_112025-AB.webp,https://meli.la/16mX5L9,
MLB18725403,Proteína Growth Supplements Basic Whey em pó sabor Chocolate x 1kg,"R$104,90","R$72,90",30% OFF,https://http2.mlstatic.com/D_Q_NP_2X_819000-MLA101180020755_122025-AB.webp,https://meli.la/28eKj2h,
MLB39018907,"100% Whey Protein Chocolate Refil 1,8kg - Dark Lab",R$699,"R$237,40",66% OFF,https://http2.mlstatic.com/D_Q_NP_2X_602444-MLU78192235881_082024-AB.webp,https://meli.la/1USftp8,
MLB40367709,Whey Protein Concentrado 1kg Dark Lab Sabor Baunilha,"R$349,90","R$151,90",56% OFF,https://http2.mlstatic.com/D_Q_NP_2X_999968-MLA99990200369_112025-AB.webp,https://meli.la/21WNFgh,
MLB19140417,Whey Isolate Protein Fuse 1.8kg Baunilha Dark Lab,"R$699,90","R$170,90",75% OFF,https://http2.mlstatic.com/D_Q_NP_2X_819928-MLA99495645778_112025-AB.webp,https://meli.la/2ECsTvZ,
MLB61648010,"CÚRCUMA 130mg + COLÁGENO Tipo Ii 45mg - Fórmula com Máxima Concentração e Pureza
- 60 Cápsulas","R$88,77","R$47,77",46% OFF,https://http2.mlstatic.com/D_Q_NP_2X_647967-MLA114761117319_072026-AB.webp,https://meli.la/2mGiLQn,
MLB26041472,Whey One Protein Proteína Sachê Refil 900g - Dark Lab Sabor Morango,"R$129,90","R$78,90",39% OFF,https://http2.mlstatic.com/D_Q_NP_2X_996953-MLA99507263172_112025-AB.webp,https://meli.la/1WgbGCn,
MLB42684445,"Cafeína Caffeine Army SuperCoffee - Lingua de Gato em pó sabor Chocolate ao
leite x 380mL","R$226,90","R$189,92",16% OFF,https://http2.mlstatic.com/D_Q_NP_2X_865001-MLA99502014878_112025-AB.webp,https://meli.la/2WsZ8ZU,
MLB18725308,Creatina Soldiers Nutrition em pó Sem sabor x 500g,"R$78,90","R$44,90",43% OFF,https://http2.mlstatic.com/D_Q_NP_2X_858065-MLA112585347120_062026-AB.webp,https://meli.la/2Ck86dp,
MLB19140327,Proteína Growth Supplements Whey concentrado em pó sabor Leite em Pó x 1kg,"R$279,90","R$208,90",25% OFF,https://http2.mlstatic.com/D_Q_NP_2X_696746-MLA98296977552_112025-AB.webp,https://meli.la/2oWUuDL,
MLB6104856,Creatina Max Titanium em pó Sem sabor x 300g,"R$85,42","R$43,30",49% OFF,https://http2.mlstatic.com/D_Q_NP_2X_920350-MLA113966831509_062026-AB.webp,https://meli.la/2U2LdWc,
MLB6087972,Proteína Max Titanium Whey Pro Concetrado em pó sabor Chocolate x 1kg,"R$179,84","R$99,90",44% OFF,https://http2.mlstatic.com/D_Q_NP_2X_811723-MLA116971940367_082026-AB.webp,https://meli.la/1oQ4ZuL,
MLB18953093,Proteína Growth Supplements Whey concentrado em pó sabor Baunilha x 1kg,"R$299,90","R$208,90",30% OFF,https://http2.mlstatic.com/D_Q_NP_2X_824274-MLA98770399871_112025-AB.webp,https://meli.la/23ovynb,
MLB25354874,Whey Protein Concentrado 100% 900g Refil Dark Lab Sabor Baunilha,"R$499,90","R$132,90",73% OFF,https://http2.mlstatic.com/D_Q_NP_2X_819335-MLA99933248115_112025-AB.webp,https://meli.la/1rjmQ1S,
MLB53198099,Whey protein XPro Nutrition Iso Blend Complex em pó sabor Chocolate x 2kg,"R$139,99","R$78,90",43% OFF,https://http2.mlstatic.com/D_Q_NP_2X_938170-MLA107510586251_022026-AB.webp,https://meli.la/17Pad3t,
MLB19550304,"Creatina Max Titanium monohidratada micronizada pura em cápsula Sem sabor de 120
un","R$48,41","R$29,53",39% OFF,https://http2.mlstatic.com/D_Q_NP_2X_817380-MLA117539652617_092026-AB.webp,https://meli.la/1Eq8VqJ,
MLB19556431,Cafeína Caffeine Army Supercoffee Classic Size em pó Sem sabor x 380g,"R$216,90","R$179,59",17% OFF,https://http2.mlstatic.com/D_Q_NP_2X_935192-MLA99441449534_112025-AB.webp,https://meli.la/1JmUFLZ,
MLB19381120,Whey protein Dark Lab Isolate Fuse em pó sabor Morango x 900g,"R$129,90","R$78,90",39% OFF,https://http2.mlstatic.com/D_Q_NP_2X_779193-MLA99886212521_112025-AB.webp,https://meli.la/1WYrqYe,
MLB24081502,Creatina Max Titanium em pó Sem sabor x 300g 2 un,R$179,"R$80,08",55% OFF,https://http2.mlstatic.com/D_Q_NP_2X_776821-MLA99365251528_112025-AB.webp,https://meli.la/2qZQuRf,
MLB4043032821,Isolate Protein Proteína Isolada 900g New Milen Zero Lactose,"R$182,22","R$134,48",26% OFF,https://http2.mlstatic.com/D_Q_NP_2X_992408-MLB118000730823_092026-AB-isolate-protein-proteina-isolada-900g-new-milen-zero-lactose.webp,https://meli.la/1sAksvj,
MLB5773410650,Tasty Whey 3w 900g Adaptogen,R$299,R$239,20% OFF,https://http2.mlstatic.com/D_Q_NP_2X_986538-MLB94470409697_102025-AB-tasty-whey-3w-900g-adaptogen.webp,https://meli.la/2dpNY2j,
MLB19049048,"Proteína Growth Supplements Whey concentrado em pó sabor Milkshake de chocolate
x 1kg","R$279,90","R$219,90",21% OFF,https://http2.mlstatic.com/D_Q_NP_2X_803453-MLA98778415369_112025-AB.webp,https://meli.la/2wwgr2x,
MLB19049038,Proteína Growth Supplements Whey concentrado em pó sabor Chocolate x 1kg,"R$299,90","R$219,90",26% OFF,https://http2.mlstatic.com/D_Q_NP_2X_810392-MLA98296434364_112025-AB.webp,https://meli.la/1MBqJX1,
MLB6087971,Proteína Max Titanium Whey Pro Concetrado em pó sabor Morango x 1kg,"R$179,84","R$96,77",46% OFF,https://http2.mlstatic.com/D_Q_NP_2X_608162-MLA112813208483_062026-AB.webp,https://meli.la/1dLjfrU,
MLB4212913071,Colchão Antiescara Pneumático De Ar Inflável Para Acamados,R$399,"R$177,89",55% OFF,https://http2.mlstatic.com/D_Q_NP_2X_805937-MLB92881118779_092025-AB-colcho-antiescara-pneumatico-de-ar-inflavel-para-acamados.webp,https://meli.la/11bsHSB,
MLB54013947,"Massageador Pistola Elétrica Profissional Muscular Portátil Aparelho
Fisioterapia Corporal, 6 Velocidades 4 Cabeças De Massagem - Micgeek",R$68,"R$31,73",53% OFF,https://http2.mlstatic.com/D_Q_NP_2X_778765-MLA115823712578_092026-AB.webp,https://meli.la/16QBzs8,
MLB41368174,"Kit 100un Seringa Insulina 0,3ml 6x0,25mm Agulha Fixa 31g Sr","R$249,90","R$119,90",52% OFF,https://http2.mlstatic.com/D_Q_NP_2X_955603-MLA79700154957_102024-AB.webp,https://meli.la/1VvvT9Q,
MLB68417029,"Balança Corporal Digital Vidro Temperado Transparente Portátil pesagem Academia
Nutricionista Balanca 180kg Dieta Treino Fitness Musculação Saúde Profissional
Ou Domestico Rhead Red High End Studios","R$51,13","R$33,90",33% OFF,https://http2.mlstatic.com/D_Q_NP_2X_672839-MLA113685851696_072026-AB.webp,https://meli.la/1bKcob7,
MLB64134227,Balança De Bioimpedância 8 Sensores Relaxmedic Digital Preto,"R$999,90","R$418,26",58% OFF,https://http2.mlstatic.com/D_Q_NP_2X_893907-MLA107580271409_022026-AB.webp,https://meli.la/1g3taoR,
MLB38486659,Jogo De Serra Copo Bimetalica 16-76mm 16 Pecas Makita,R$700,R$568,18% OFF,https://http2.mlstatic.com/D_Q_NP_2X_934894-MLA99416631078_112025-AB.webp,https://meli.la/2vMRLGS,
MLB28667106,Jogo De Soquete 57 Peças 1/4 Stels 1410155 Catraca Chave,R$1.579,R$211,53% OFF,https://http2.mlstatic.com/D_Q_NP_2X_948361-MLA99580417776_122025-AB.webp,https://meli.la/2aE6K9g,
MLB66168190,Parafusadeira/Furadeira - 2 Baterias Recarregáveis 48V Maleta,"R$765,26","R$96,56",31% OFF,https://http2.mlstatic.com/D_Q_NP_2X_905670-MLA115853508157_082026-AB.webp,https://meli.la/16WvT1o,
MLB32336640,Serra Circular Makita 5902b 9 1/4 2000w Profissional,"R$44,99",R$1.547,12% OFF,https://http2.mlstatic.com/D_Q_NP_2X_992121-MLA99856941505_112025-AB.webp,https://meli.la/2z9FRfC,
MLB68597823,Jogo De Soquetes Enc. de 1/4 3/8 1/2 Pol. 172pç Gedore Red,R$600,"R$891,10",33% OFF,https://http2.mlstatic.com/D_Q_NP_2X_645306-MLA109950132874_042026-AB.webp,https://meli.la/2ZjRykv,
MLB28530314,"Chave De Impacto A Bateria 21V 1/2"" Pol 2400 Rpm Bivolt Com Acessórios E Maleta
The Black Tools",R$2.100,"R$284,90",74% OFF,https://http2.mlstatic.com/D_Q_NP_2X_652182-MLA113971474078_072026-AB.webp,https://meli.la/24NvcJ6,
MLB4746424594,Esmerilhadeira Angular Corte E Desbaste 115mm 850w Makita,"R$99,90","R$336,84",29% OFF,https://http2.mlstatic.com/D_Q_NP_2X_617378-MLB76596867094_062024-AB-esmerilhadeira-angular-corte-e-desbaste-115mm-850w-makita.webp,https://meli.la/1cWrCq2,
MLB5266827849,3 Em 1 Máquina De Solda Inversora 300a Dupla Voltagem,"R$655,62","R$464,44",65% OFF,https://http2.mlstatic.com/D_Q_NP_2X_811249-MLB116476789378_092026-AB-3-em-1-maquina-de-solda-inversora-300a-dupla-voltagem.webp,https://meli.la/2y4ejQF,
MLB28128462,Jogo De Soquetes Estriado 20 Peças 8 A 32mm 1/2'' Robust,R$1.299,"R$223,96",42% OFF,https://http2.mlstatic.com/D_Q_NP_2X_615576-MLA99463968952_112025-AB.webp,https://meli.la/2cP5rW5,
MLB15462505,Serra Circular Para Madeira 7.1/4pol 1600w - Hs7010 Makita Cor Azul-turquesa,R$195,R$745,14% OFF,https://http2.mlstatic.com/D_Q_NP_2X_790579-MLA99998058691_112025-AB.webp,https://meli.la/2vXVrhu,
MLB5365327772,Tênis Rbd Game Low Puma,"R$499,99",R$234,53% OFF,https://http2.mlstatic.com/D_Q_NP_2X_654407-MLB84071012143_042025-AB-tnis-rbd-game-low-puma.webp,https://meli.la/32RZGrL,
MLB6196968292,Calça Tática Reforçada Pescaria 6 Bolsos Poly Rip Stop,"R$113,26","R$83,29",26% OFF,https://http2.mlstatic.com/D_Q_NP_2X_939432-MLB97927111816_112025-AB-calca-tatica-reforcada-pescaria-6-bolsos-poly-rip-stop.webp,https://meli.la/2DawMjr,
MLB30393962,Tênis Masculino Esportivo Tribase Reps Under Armour pgray Liso 40,"R$499,99","R$255,59",48% OFF,https://http2.mlstatic.com/D_Q_NP_2X_976643-MLA99868318983_112025-AB.webp,https://meli.la/1ZkH9uV,
MLB6289937414,Camiseta Feminina Academia Regata Treino Malhar Tapa Bumbum,"R$69,99","R$29,99",57% OFF,https://http2.mlstatic.com/D_Q_NP_2X_962962-MLB106816408124_022026-AB-camiseta-feminina-academia-regata-treino-malhar-tapa-bumbum.webp,https://meli.la/1GuTdto,
MLB7169793680,Cinto Hermes Couro Legítimo Fivela Dourada,"R$349,50","R$262,20",24% OFF,https://http2.mlstatic.com/D_Q_NP_2X_680150-MLB113309723986_072026-AB-cinto-hermes-couro-legitimo-fivela-dourada.webp,https://meli.la/23BBKhs,
MLB22492221,Placa Mae Gigabyte B550m Aorus Elite Am4 Ddr4 Hdmi M-atx Cor Preto,R$999,"R$646,42",35% OFF,https://http2.mlstatic.com/D_Q_NP_2X_846714-MLA99464080574_112025-AB.webp,https://meli.la/1UrfFiu,
MLB34229008,Impressora multifuncional cor Epson EcoTank L3250,R$1.449,R$1.012,30% OFF,https://http2.mlstatic.com/D_Q_NP_2X_827740-MLA99943629541_112025-AB.webp,https://meli.la/1gWEHGu,
MLB28562373,"Monitor LED 20 Brazil PC 20WR - 1600x900, 75Hz, 5ms - HDMI/VGA - Preto","R$334,97","R$205,20",38% OFF,https://http2.mlstatic.com/D_Q_NP_2X_722855-MLA105308780576_012026-AB.webp,https://meli.la/1X6DGeB,
MLB40656539,Kit Starlink MINI Internet Via Satélite,R$499,"R$474,05",5% OFF,https://http2.mlstatic.com/D_Q_NP_2X_799612-MLA95359719699_102025-AB.webp,https://meli.la/1YHzuFB,
MLB47191870,Impressora Epson Multifuncional Ecotank L3250 Wireless Bivolt,R$1.356,R$1.085,19% OFF,https://http2.mlstatic.com/D_Q_NP_2X_779754-MLA99522535614_122025-AB.webp,https://meli.la/16jkVua,
MLB34801962,Impressora Multifuncional HP Smart Tank 584 - Preta,R$1.399,"R$808,99",42% OFF,https://http2.mlstatic.com/D_Q_NP_2X_797897-MLA116198687211_082026-AB.webp,https://meli.la/2mZ2Ww7,
MLB18446928,Impressora multifuncional Wi-Fi Epson Ecotank L3250 Mod C11CJ67301,R$1.385,R$1.008,27% OFF,https://http2.mlstatic.com/D_Q_NP_2X_885225-MLA99998218631_112025-AB.webp,https://meli.la/1BmY5X3,
MLB62870034,"Monitor Gamer LG UltraGear Curvo 34""- QuadHD 2K, UltraWide 1800R, 160Hz, 1ms
(MBR), AMD FreeSync Premium, HDR10, MaxxAudio, Preto -34G600A",R$2.515,R$1.812,27% OFF,https://http2.mlstatic.com/D_Q_NP_2X_790527-MLA105314750110_012026-AB.webp,https://meli.la/29b8gnX,
MLB15246153,Impressora multifuncional cor Canon Pixma G3110,R$878,"R$779,26",11% OFF,https://http2.mlstatic.com/D_Q_NP_2X_988921-MLA91986671797_092025-AB.webp,https://meli.la/293mozo,
MLB6417063,Headset Logitech usb H390,"R$229,90","R$173,90",24% OFF,https://http2.mlstatic.com/D_Q_NP_2X_688992-MLA96115225319_102025-AB.webp,https://meli.la/1zUbVuL,
MLB41734795,"Notebook Acer Aspire 5 A515-45-R5AT AMD Ryzen 5 5500U 15.6""AMD Radeon Graphics
256GB SDD 8GB RAM Windows 11",R$6.699,R$3.297,50% OFF,https://http2.mlstatic.com/D_Q_NP_2X_809656-MLA82164414546_022025-AB.webp,https://meli.la/1JBJNzC,
MLB79391475,"LG UltraGear Monitor Gamer 27"" IPS, 144Hz Nativo, 1ms (MBR), Full HD
(1920x1080), HDR10, NVIDIA G-SYNC, AMD FreeSync, Preto - 27G411B",R$1.199,R$789,34% OFF,https://http2.mlstatic.com/D_Q_NP_2X_737016-MLA116256824398_092026-AB.webp,https://meli.la/2FwRaTW,
MLB52018739,Tablet Xiaomi Redmi Pad 2 11'' 256gb 8 Ram Cinza Grafite,R$2.299,R$1.410,38% OFF,https://http2.mlstatic.com/D_Q_NP_2X_832304-MLA87216780377_072025-AB.webp,https://meli.la/2nTP9ce,
MLB62998911,"Impressora Multifuncional HP DeskJet Ink Advantage 2975 Colorida 1 USB 2.0 de
alta velocidade Wi-Fi de banda dupla - 100 a 240 VCA - AJ4Y4A#AK4","R$599,99","R$499,90",16% OFF,https://http2.mlstatic.com/D_Q_NP_2X_641445-MLA107256158981_022026-AB.webp,https://meli.la/2fJPrYK,
MLB35715045,"Notebook ASUS VivoBook Go 15 AMD Ryzen 5 7520U 8GB 512GB SSD KeepOS Tela 15,6""
FHD Mixed Black - E1504FA-NJ732",R$3.799,R$3.060,19% OFF,https://http2.mlstatic.com/D_Q_NP_2X_737034-MLU75570682760_042024-AB.webp,https://meli.la/2wVGwEt,
MLB21278806,Masterprint PETG filamento branco,"R$99,99","R$69,50",30% OFF,https://http2.mlstatic.com/D_Q_NP_2X_913849-MLA105989588051_012026-AB.webp,https://meli.la/2cLfg4t,
MLB21590514,Access Point Grandstream GWN7660 Wi-Fi 6 802.11ax Dual Band,"R$349,90","R$277,37",20% OFF,https://http2.mlstatic.com/D_Q_NP_2X_967028-MLA99989051209_112025-AB.webp,https://meli.la/12ppoM7,
MLB25080941,Placa Mae Amd Am4 A520 2xddr4 Hdmi/vga A520m-hvs Asrock,"R$550,90","R$365,66",33% OFF,https://http2.mlstatic.com/D_Q_NP_2X_600626-MLA100029063065_122025-AB.webp,https://meli.la/1TpF1f5,
MLB56676058,Tablet Lenovo Tab 10.1¨ Wifi 5 64gb 4gb De Ram Android 14 Cinza,R$1.784,R$889,50% OFF,https://http2.mlstatic.com/D_Q_NP_2X_684905-MLA106055190360_022026-AB.webp,https://meli.la/1GZHk7h,
MLB53254557,Bambu Lab A1 Combo Ams Lite Impressora 3d,R$7.852,R$4.569,41% OFF,https://http2.mlstatic.com/D_Q_NP_2X_670219-MLA114429062082_082026-AB.webp,https://meli.la/1go3Cxe,
MLB61496034,"Power Bank 20.000mAh 22.5W Carga Rápida Com Display Digital Carregador Portátil
Carga Rápida Premium Compatível Com Todos Os Celulares Iphone Android IOS apple
xiaomi LG Samsung Motorola -Marca Davely","R$109,90","R$64,89",40% OFF,https://http2.mlstatic.com/D_Q_NP_2X_703252-MLA99485758076_112025-AB.webp,https://meli.la/11ggcvA,
MLB39201871,"Tablet Positivo Vision TAB 7 - Processador Octa-Core 3GB RAM 64GB Armazenamento
Tela 7” IPS Bateria 3100mAh, Android 14 Go, Wi-fi - Preto",R$699,"R$444,51",36% OFF,https://http2.mlstatic.com/D_Q_NP_2X_656533-MLA111594960631_052026-AB.webp,https://meli.la/2iiSGEa,
MLB47900489,"Monitor AOC 22"" 120Hz 1ms Gaming HDMI 22B35HM23 Preto","R$712,86","R$427,80",39% OFF,https://http2.mlstatic.com/D_Q_NP_2X_744601-MLA99934274785_112025-AB.webp,https://meli.la/2Eiwa1r,
MLB47137238,"Monitor LG UltraWide - Tela IPS de 29"", 21:9, HDR10, sRGB 99%, 100Hz, Preto-
29WQ500B",R$1.549,"R$999,90",35% OFF,https://http2.mlstatic.com/D_Q_NP_2X_863773-MLA96861169915_102025-AB.webp,https://meli.la/2Rnj2Dz,
MLB39460220,"Notebook Vivobook 16 Intel Core i7-1355U 16GB RAM 512GB SSD Tela 16 Full HD
Windows 11 ASUS",R$5.899,R$4.987,15% OFF,https://http2.mlstatic.com/D_Q_NP_2X_745715-MLA99453443592_112025-AB.webp,https://meli.la/1aLndAJ,
MLB43417665,Notebook Asus Vivobook Go 15 Amd Ryzen 5 7520u 16gb 512ssd Mixed Black,"R$109,90",R$3.416,36% OFF,https://http2.mlstatic.com/D_Q_NP_2X_722728-MLA110061030541_042026-AB.webp,https://meli.la/1VR8pdm,
MLB63708330,"Monitor LG LED 20"" - HD+, 75Hz, 2ms, HDMI/VGA, Modo Leitura, Flicker Safe, Black
Stabilizer, Dynamic Action Sync, Preto- 20U401A",R$309,"R$293,55",5% OFF,https://http2.mlstatic.com/D_Q_NP_2X_699928-MLA105314087580_012026-AB.webp,https://meli.la/2wScDLf,
MLB18648138,Hd Externo Portátil Seagate Expansion 1tb Usb 3.0 Preto,"R$751,59","R$699,90",6% OFF,https://http2.mlstatic.com/D_Q_NP_2X_669998-MLA108929895424_032026-AB.webp,https://meli.la/1YaRKkk,
MLB24229494,Filamento Masterprint Petg 3d Cor Preto 1.75mm 1kg Original,"R$99,99","R$68,16",31% OFF,https://http2.mlstatic.com/D_Q_NP_2X_888792-MLA110754638047_042026-AB.webp,https://meli.la/1tfY9RJ,
MLB16037707,No-break Jbr Guard 600va,R$499,"R$264,81",46% OFF,https://http2.mlstatic.com/D_Q_NP_2X_790588-MLA104793500356_012026-AB.webp,https://meli.la/1fXySer,
MLB42364363,"Computador Completo Flash, Intel Core i5 3470, RAM 8GB, SSD 256GB, Bivolt,
Preto, Monitor 20"" LED HDMI, Windows 10 Pro - BluePC DOE-0140FL",R$1.365,R$1.056,22% OFF,https://http2.mlstatic.com/D_Q_NP_2X_719762-MLA110751089165_042026-AB.webp,https://meli.la/1AXs8i1,
MLB21388107,Leitor Código De Barras Datalogic Magellan Vs3410vsi 2d Usb Cor Cinza,R$1.654,R$1.311,20% OFF,https://http2.mlstatic.com/D_Q_NP_2X_600126-MLA99524465870_122025-AB.webp,https://meli.la/1Rs84Fb,
MLB74776946,"Kit Ventilador Portatil 8'' + Lanterna De Trabalho Luz Led 4'' Portatil 2
Baterias Recarregável",R$499,R$216,56% OFF,https://http2.mlstatic.com/D_Q_NP_2X_676796-MLA114360779848_082026-AB.webp,https://meli.la/1jVvgi1,
MLB48959123,"Projetor HY320 Davely Smart TV Android WiFi 6 390 ANSI Lumens Full HD Suporte 4K
HDMI Bluetooth 85-200 Polegadas Alto Falante Com Controle Remoto Bivolt Portátil
Mini","R$365,90","R$231,18",36% OFF,https://http2.mlstatic.com/D_Q_NP_2X_898231-MLA112356757992_062026-AB.webp,https://meli.la/1XzTzzZ,
MLB59323822,"Monitor Gamer AOC AGON QUAD 27"" QHD 180Hz 0,5ms IPS HDR10 Base Ajustável Q27G4F
Preto",R$1.855,R$1.299,29% OFF,https://http2.mlstatic.com/D_Q_NP_2X_739170-MLA98410816390_112025-AB.webp,https://meli.la/1f163ZA,
MLB11286621,Caixa Papel Sulfite A4 Report 10 Resmas De 500 Folhas Kit,R$360,"R$299,90",16% OFF,https://http2.mlstatic.com/D_Q_NP_2X_805455-MLA99487191924_112025-AB.webp,https://meli.la/168seWt,
MLB27847018,Scanner Imageformula Dr-c240 90 Ipm Cor Preto Canon Bivolt Preto,R$2.499,R$1.874,25% OFF,https://http2.mlstatic.com/D_Q_NP_2X_973115-MLA108909936168_032026-AB.webp,https://meli.la/2Gn6dkT,
MLB39766120,SSD Kingston NV3 1TB M.2 2280 PCIe 4.0 NVMe 6000 MB/s,R$1.529,R$1.249,17% OFF,https://http2.mlstatic.com/D_Q_NP_2X_930129-MLU78451929490_082024-AB.webp,https://meli.la/2PYLSDP,
MLB46315230,Impressora Ecotank Epson L3250 + 01 Kit Tinta T544 Cor Preta 127/220v,R$819,R$1.255,26% OFF,https://http2.mlstatic.com/D_Q_NP_2X_783901-MLA99933795683_112025-AB.webp,https://meli.la/2W5Qiqd,
MLB19689021,Impressora Não Tm-t20x Preta Epson Bivolt Preto 110 / 240v (bivolt),"R$583,90","R$601,35",37% OFF,https://http2.mlstatic.com/D_Q_NP_2X_659972-MLA99446692812_112025-AB.webp,https://meli.la/1NSpo7p,
MLB24456876,Placa mãe Gigabyte Ultra Durable A520M K V2,"R$129,90","R$362,90",42% OFF,https://http2.mlstatic.com/D_Q_NP_2X_709426-MLA112774973926_062026-AB.webp,https://meli.la/1HvVVyF,
MLB31143277,"Voolt3D Filamento Pla Premium Outlet 1,75mm 1kg",R$199,"R$74,15",43% OFF,https://http2.mlstatic.com/D_Q_NP_2X_680310-MLA99479038230_112025-AB.webp,https://meli.la/32brK7R,
MLB75624193,"Suporte para Monitores Articulado de Mesa de 12"" a 32"" com Pistão a Gás
Ergonômico","R$899,90",R$113,41% OFF,https://http2.mlstatic.com/D_Q_NP_2X_718368-MLA114861272323_072026-AB.webp,https://meli.la/1qypiiC,
MLB52893896,"Cadeira De Escritorio Gamer Ergonômica Dunamis Preta Marqs Home Reclinável 180kg
Resistente Giratória Confortavel Computador",R$650,R$523,43% OFF,https://http2.mlstatic.com/D_Q_NP_2X_797994-MLA115782693417_082026-AB.webp,https://meli.la/1GrLE7y,
MLB47535705,Câmera Inteligente Im7 + 3mp De Resolução Branca Intelbras,"R$419,90","R$295,32",29% OFF,https://http2.mlstatic.com/D_Q_NP_2X_892568-MLA99939109103_112025-AB.webp,https://meli.la/1nEReLi,
MLB1019713876,"Carregador Fonte USB-C 20w para iPhone Apple Tipo-C Turbo Adaptador -
Distribuidor Autorizado",R$419,"R$132,69",68% OFF,https://http2.mlstatic.com/D_Q_NP_2X_922337-MLA117833547829_092026-AB.webp,https://meli.la/2jWuovK,
MLB52934530,"Notebook Acer Aspire Go 15 AG15-71P-5939 - Intel Core i5-13420H 13ª Geração •
8GB DDR5 • 256GB SSD NVMe • Tela 15,6' • Windows 11 Home",R$5.717,R$3.994,30% OFF,https://http2.mlstatic.com/D_Q_NP_2X_631355-MLA118072725823_092026-AB.webp,https://meli.la/1T5WwjE,
MLB6309815,Micro-ondas Electrolux 20l Branco MTO30,R$599,"R$455,05",24% OFF,https://http2.mlstatic.com/D_Q_NP_2X_787358-MLA100187065347_122025-AB.webp,https://meli.la/2hkV4Ah,
MLB21361292,"Loção Hidratante Corporal Sem Perfume, com Ceramidas Essenciais e Ácido
Hialurônico, Textura Fluida CeraVe 473ml","R$143,90","R$90,92",36% OFF,https://http2.mlstatic.com/D_Q_NP_2X_744669-MLA110746875502_052026-AB.webp,https://meli.la/2yEtM8a,
MLB19315994,"Shampoo Antiqueda Estimulante com Aminexil, Dercos Energy+ Vichy, 400g","R$186,90","R$111,66",40% OFF,https://http2.mlstatic.com/D_Q_NP_2X_681583-MLA117488015255_092026-AB.webp,https://meli.la/1zhopHT,
MLB27705742,Câmera Inteligente Intelbras iM5SC con Wi-Fi Full HD color Branca,"R$299,90","R$226,80",24% OFF,https://http2.mlstatic.com/D_Q_NP_2X_956317-MLA99482016644_112025-AB.webp,https://meli.la/1m7ZHcH,
MLB63279922,Fechadura Digital De Sobrepor Fr 101 V Preta Intelbras,"R$359,90","R$235,59",34% OFF,https://http2.mlstatic.com/D_Q_NP_2X_916058-MLA109588424588_042026-AB.webp,https://meli.la/2o3ZxpH,
MLB57032440,Cadeira de Escritório Giratória HomeNow Columbus Presidente Preta com Tela Mesh,"R$494,98","R$298,48",39% OFF,https://http2.mlstatic.com/D_Q_NP_2X_651752-MLA95643261450_102025-AB.webp,https://meli.la/1Pco7Wk,
MLB6140723,"Perfume Feminino L' Eau de Parfum Fragrância Floral Gourmand Inebriante com
Notas de Íris Nobre, Baunilha e Pralinê La Vie Est Belle Lancôme, Frasco com
100ml",R$1.129,"R$617,49",45% OFF,https://http2.mlstatic.com/D_Q_NP_2X_774774-MLA93502236706_102025-AB.webp,https://meli.la/1u9YCAL,
MLB52363091,Escova Progressiva 150g - Fashion Gold,"R$116,90","R$94,90",18% OFF,https://http2.mlstatic.com/D_Q_NP_2X_861957-MLA108178234350_032026-AB.webp,https://meli.la/2GfXQwQ,
MLB27731058,"Shampoo Antiqueda Estimulante com Aminexil, Dercos Energy+ Vichy, 200g","R$98,90","R$55,43",43% OFF,https://http2.mlstatic.com/D_Q_NP_2X_728026-MLA117488225821_092026-AB.webp,https://meli.la/2fUM4FE,
MLB24214075,Câmera Inteligente Full HD Im3 C Mibo Cam WIFI Branca Intelbras,"R$317,90","R$158,31",46% OFF,https://http2.mlstatic.com/D_Q_NP_2X_600720-MLA99856285817_112025-AB.webp,https://meli.la/1wpaXd2,
MLB38112373,Porteiro Residencial Ipr 8010 Preto/Branco Intelbras,R$4.299,"R$169,15",20% OFF,https://http2.mlstatic.com/D_Q_NP_2X_915528-MLA99931618165_112025-AB.webp,https://meli.la/11XtBGA,
MLB19767143,Protetor Solar Facial Alta Cobertura Anthelios La Roche-Posay Cor 3.0 30g,"R$189,99","R$69,51",38% OFF,https://http2.mlstatic.com/D_Q_NP_2X_728452-MLA103883256579_012026-AB.webp,https://meli.la/2bNHNwS,
MLB4190196371,Kit 3 Calças Jeans Masculina Com Elastano Super Confortável,"R$501,90",R$117,39% OFF,https://http2.mlstatic.com/D_Q_NP_2X_723695-MLB91226456692_092025-AB-kit-3-calcas-jeans-masculina-com-elastano-super-confortavel.webp,https://meli.la/1WtCWxw,
MLB16039858,Nobreak Interativo Monovolt Intelbras Xnb 600va 120v Cor Preto,"R$299,90","R$304,18",28% OFF,https://http2.mlstatic.com/D_Q_NP_2X_992234-MLA99442060764_112025-AB.webp,https://meli.la/2q1nVRr,
MLB23037572,TP-Link Tapo C500 Câmera de Segurança Wifi 1080P 360° Colorida IP65,"R$803,90","R$214,40",37% OFF,https://http2.mlstatic.com/D_Q_NP_2X_794417-MLA99985509435_112025-AB.webp,https://meli.la/25Wrm9t,
MLB27070501,Video Porteiro Ivr 1010 Branco E Preto Intelbras 110V/220V,"R$179,90","R$503,40",46% OFF,https://http2.mlstatic.com/D_Q_NP_2X_623972-MLA99988236647_112025-AB.webp,https://meli.la/2pcZSTa,
MLB53925294,"Jogo De Toalhas 4 Peças Fio Cardado 100% Algodão Provence Karsten Branco Argila
Provence","R$179,90","R$96,37",46% OFF,https://http2.mlstatic.com/D_Q_NP_2X_773654-MLA96114767523_102025-AB.webp,https://meli.la/1SporWr,
MLB42998422,Campainha Sem Fio Intelbras Cib 101s Com Bateria - Cor Preta,"R$110,90","R$69,90",42% OFF,https://http2.mlstatic.com/D_Q_NP_2X_820176-MLA100035740917_122025-AB.webp,https://meli.la/1KcxeES,
MLB5396883034,Calça Cargo Feminina Wide Leg Cintura Alta Jeans Stillger,"R$230,26",R$64,24% OFF,https://http2.mlstatic.com/D_Q_NP_2X_989976-MLB106465814960_022026-AB-calca-cargo-feminina-wide-leg-cintura-alta-jeans-stillger.webp,https://meli.la/26RWxNk,
MLB27074522,"Transformador 5000va De 110 Para 220 E 220v Para 110v Bivolt 12000 Btus
Conversor Voltagem 5kva Energia Ar Condicionado Impressoras Brother Microondas
Máquina Costura Geladeira Lavar Roupas 127v 127","R$215,90","R$174,66",25% OFF,https://http2.mlstatic.com/D_Q_NP_2X_861479-MLA99503246768_112025-AB.webp,https://meli.la/1FcqmKQ,
MLB18596029,Câmera Inteligente iM3 C Black Intelbras,R$3.699,"R$159,96",5% OFF,https://http2.mlstatic.com/D_Q_NP_2X_615216-MLA99419117904_112025-AB.webp,https://meli.la/13tizp5,
MLB19055866,Lava E Seca Samsung Wd11m Com Digital Inverter Inox 11kg Cor Inox look,R$529,R$3.514,24% OFF,https://http2.mlstatic.com/D_Q_NP_2X_687549-MLA99986849451_112025-AB.webp,https://meli.la/1cwMRGb,
MLB18025158,Cafeteira Passione Automática Multipressão Três Corações Preto Brilhante,"R$484,90",R$399,27% OFF,https://http2.mlstatic.com/D_Q_NP_2X_702554-MLA99936325089_112025-AB.webp,https://meli.la/28ZEfPj,
MLB26017649,"Sérum de Noite Mágica Nutritivo Kérastase Nutritive 8H Sérum de Nutrição para
Cabelo Seco, 90ml",R$8.650,"R$349,90",46% OFF,https://http2.mlstatic.com/D_Q_NP_2X_889629-MLA118012007033_092026-AB.webp,https://meli.la/2zjut9j,
MLB1040287791,Apple iPhone 16 (128 GB) - Branco - Distribuidor Autorizado,"R$359,90",R$4.599,29% OFF,https://http2.mlstatic.com/D_Q_NP_2X_809936-MLA96419773842_102025-AB.webp,https://meli.la/2aWxaky,
MLB63323182,Fechadura Digital De Sobrepor Fd 1000 D Preta Intelbras,R$199,"R$255,19",23% OFF,https://http2.mlstatic.com/D_Q_NP_2X_764625-MLA112051292545_052026-AB.webp,https://meli.la/1nUoJtH,
MLB18593981,TP-Link Tapo C200 Câmera de Segurança Wifi 1080P 360° Pan/Tilt,"R$199,99","R$152,90",61% OFF,https://http2.mlstatic.com/D_Q_NP_2X_984810-MLA95712397240_102025-AB.webp,https://meli.la/1odac5W,
MLB5338618908,Kit 6 Cuecas Masculino Slip Mash De Algodão Macio Original,"R$79,90","R$76,59",45% OFF,https://http2.mlstatic.com/D_Q_NP_2X_719131-MLB110157513306_042026-AB-kit-6-cuecas-masculino-slip-mash-de-algodo-macio-original.webp,https://meli.la/32FkVoJ,
MLB6204289,Creatina Integralmédica Monohidratada Hardcore em pó Sem sabor x 300g,R$1.799,"R$43,89",46% OFF,https://http2.mlstatic.com/D_Q_NP_2X_754239-MLA116599870048_092026-AB.webp,https://meli.la/2q1KfpV,
MLB51708363,"Cadeira De Escritório Ergonômica Mônaco WT07 Luvinco Malha Respirável Com
Suporte Lombar Adaptável Apoio Para Pés Retrátil Encosto Ajustável Seis Posições
Cor Cinza Suporta 200kg",R$1.349,"R$956,91",24% OFF,https://http2.mlstatic.com/D_Q_NP_2X_877975-MLA97021078881_112025-AB.webp,https://meli.la/1QCA1FJ,
MLB52106020,TP-Link Deco X50(3-pack) Roteador Mesh Wifi6 AX3000 Cobre até 600m²,"R$123,30",R$1.019,46% OFF,https://http2.mlstatic.com/D_Q_NP_2X_695526-MLA99964513811_112025-AB.webp,https://meli.la/2cXykdq,
MLB62645533,Vittak Kit 50 Cabides Veludo De Roupa Antideslizante Slim Adulto Cor Preto,"R$204,60","R$66,40",39% OFF,https://http2.mlstatic.com/D_Q_NP_2X_650980-MLA109739421496_042026-AB.webp,https://meli.la/1WHYEaB,
MLB1298579,"Câmera Dupla Segurança Ip Wifi Externa Lente 6mp App Yoosee Câmera Dupla
Segurança","R$484,90","R$123,48",22% OFF,https://http2.mlstatic.com/D_Q_NP_2X_693384-MLB110226366675_042026-AB--camera-dupla-seguranca-ip-wifi-externa-lente-6mp-app-yoosee.webp,https://meli.la/2kQA6CV,
MLB19760356,Kérastase Génesis Sérum Fortalecedor Anti Queda Cure Activate 365 | 90ml |,"R$959,90","R$373,41",16% OFF,https://http2.mlstatic.com/D_Q_NP_2X_965211-MLA99447258444_112025-AB.webp,https://meli.la/2PmcNUT,
MLB66527263,Videoporteiro Inteligente Wi-fi Mvw 2000 Intelbras,R$1.624,"R$799,90",32% OFF,https://http2.mlstatic.com/D_Q_NP_2X_934789-MLA109240593302_042026-AB.webp,https://meli.la/1BYR1rs,
MLB47163373,"Cadeira De Escritório Ergonômica Mônaco Bt07 Luvinco Malha Respirável Com
Suporte Lombar Adaptável Apoio Para Pés Retrátil Encosto Ajustável Seis Posições
Cor Preta Suporta 200kg","R$842,25",R$1.099,12% OFF,https://http2.mlstatic.com/D_Q_NP_2X_746934-MLA96570636272_112025-AB.webp,https://meli.la/2YyiafC,
MLB51165965,TP-Link Deco X10(3-pack) Roteador Mesh Wifi6 AX1500 Cobre até 520m²,"R$142,90","R$740,70",37% OFF,https://http2.mlstatic.com/D_Q_NP_2X_663253-MLA99938296077_112025-AB.webp,https://meli.la/2nXXH9i,
MLB50118079,La Roche Posay Cicaplast Baume B5 Fps+ 50 40ml Todo Tipo De Pele Dia,"R$299,90","R$89,22",40% OFF,https://http2.mlstatic.com/D_Q_NP_2X_950984-MLA90024663657_082025-AB.webp,https://meli.la/1PktrhE,
MLB53403093,Câmera Inteligente Intelbras Ime 360 3mp Visão 360 Wi-fi Cor Branco,"R$524,90","R$179,35",34% OFF,https://http2.mlstatic.com/D_Q_NP_2X_913608-MLA99464199898_112025-AB.webp,https://meli.la/2v1VXdS,
MLB38718453,"Óleo Capilar Kérastase Elixir Ultime L'Huile Originale Refilável, Cabelo
Brilhante, Nutrido 75ml",R$2.499,"R$343,38",5% OFF,https://http2.mlstatic.com/D_Q_NP_2X_999435-MLA99931629905_112025-AB.webp,https://meli.la/1qDxJAV,
MLB48766034,Máquina de Lavar Brastemp 18Kg - BWF18AB,R$949,R$2.365,26% OFF,https://http2.mlstatic.com/D_Q_NP_2X_684406-MLA99414363332_112025-AB.webp,https://meli.la/2hqEDzx,
MLB15052633,Máquina De Costura Elgin Jx-4035 Genius Plus 31 Pontos Cor Branco,"R$949,90","R$699,94",18% OFF,https://http2.mlstatic.com/D_Q_NP_2X_841781-MLA99935859263_112025-AB.webp,https://meli.la/321D7rN,
MLB38062594,TP-Link Deco X50(2-pack) Roteador Mesh Wifi6 AX3000 Cobre até 420m²,"R$109,90","R$771,66",37% OFF,https://http2.mlstatic.com/D_Q_NP_2X_832460-MLA99419181908_112025-AB.webp,https://meli.la/1DGEcSr,
MLB19801958,"Protetor Solar Facial com Cor FPS 60, Anthelios Ultra Cover La Roche-Posay, 30g",,"R$68,63",,https://http2.mlstatic.com/D_Q_NP_2X_643449-MLA103364503100_012026-AB.webp,https://meli.la/31FQrBC,
MLB15553602,Ferro A Seco Black+decker cor preto prateado Vfa1110tm2,"R$179,99","R$101,11",43% OFF,https://http2.mlstatic.com/D_Q_NP_2X_664604-MLA99612237324_122025-AB.webp,https://meli.la/2mMhnz9,
MLB15278924,"Panificadora Multipane Com 12 Programas E Potência De 550w Antiaderente Cor
Branca Britânia","R$673,22","R$499,90",25% OFF,https://http2.mlstatic.com/D_Q_NP_2X_678888-MLA99453785584_112025-AB.webp,https://meli.la/1CHYvnx,
MLB43419974,Air Fryer Oven Philco 15l Painel Digital Paf15a Cor Preto,R$1.028,"R$530,10",48% OFF,https://http2.mlstatic.com/D_Q_NP_2X_660338-MLA99555245832_122025-AB.webp,https://meli.la/1sonLPH,
MLB19479467,Cafeteira Nespresso Essenza Mini Preta 127V,R$599,R$539,10% OFF,https://http2.mlstatic.com/D_Q_NP_2X_762385-MLA99889045659_112025-AB.webp,https://meli.la/2H8CkyR,
MLB23298076,Cafeteira Nescafé Dolce Gusto Mini Me Cinza E Preta 110v Cor Preto,"R$579,90","R$379,90",34% OFF,https://http2.mlstatic.com/D_Q_NP_2X_677045-MLA96570163498_112025-AB.webp,https://meli.la/1VAgvCe,
MLB37955040,"Marmita Elétrica Preta Bivolt Portátil Doméstica 110/220v Veicular 12/24v
Lancheira 1.5l Com Divisórias Esquenta Rápido Refeições Práticas Trabalho Casa
Carro Caminhão Viagem Faculdade Woosh","R$78,99","R$49,99",36% OFF,https://http2.mlstatic.com/D_Q_NP_2X_917183-MLA117415852481_092026-AB.webp,https://meli.la/23voRRv,
MLB25860033,Britânia BAS1295P aspirador de pó 2 em 1 1250w preto,"R$234,29","R$173,90",25% OFF,https://http2.mlstatic.com/D_Q_NP_2X_866250-MLA99535827666_122025-AB.webp,https://meli.la/2gCB9M2,
MLB22511806,"Aspirador Pó e Água Electrolux função Sopro Compacto Líquidos Químicos Inox
1800W 20L total 15L útil protetor térmico GT20i",R$740,"R$395,10",46% OFF,https://http2.mlstatic.com/D_Q_NP_2X_674302-MLA110474169365_042026-AB.webp,https://meli.la/1Rn8msp,
MLB18927373,"Cafeteira elétrica Electrolux inox filtro permanente removivel corta pingos
capacidade 600ml 15 xicaras função manter aquecido sistema ECM10","R$223,84","R$113,25",49% OFF,https://http2.mlstatic.com/D_Q_NP_2X_923263-MLA99474168604_112025-AB.webp,https://meli.la/2rw5Wzz,
MLB18507745,"Cafeteira Elétrica 1,2 Litros Ocaf650 Com Jarra Inox Cor Preto Oster 127V","R$229,90",R$155,32% OFF,https://http2.mlstatic.com/D_Q_NP_2X_916788-MLA108360725955_032026-AB.webp,https://meli.la/2m46TPQ,
MLB15480445,Extrator De Frutas Mondial Turbo Premium Preto 250w Bivolt Preto,"R$199,90","R$156,52",21% OFF,https://http2.mlstatic.com/D_Q_NP_2X_713088-MLA99538703456_122025-AB.webp,https://meli.la/2cjTHVn,
MLB56416399,Fritadeira Elétrica Air Fryer 8 em 1 Wap Barbecue Heat Digital Wc Ab1030 127V,R$999,"R$629,91",36% OFF,https://http2.mlstatic.com/D_Q_NP_2X_668373-MLA111751070303_052026-AB.webp,https://meli.la/2q1mTgt,
MLB25363151,Aspirador Britânia 1250w 1l Bas1295p Preto Britânia Bas1295p 1 L,"R$185,36","R$139,61",24% OFF,https://http2.mlstatic.com/D_Q_NP_2X_697821-MLA100079435211_122025-AB.webp,https://meli.la/18RE6nY,
MLB19731776,Robô aspirador Robot W90 varre aspira e passa pano 30w Wap cor preto,"R$679,90","R$340,31",34% OFF,https://http2.mlstatic.com/D_Q_NP_2X_748103-MLA99906601653_112025-AB.webp,https://meli.la/1aHykUU,
MLB24233730,Cafeteira Nescafé Dolce Gusto Genio S Basic Grafite 110v,"R$299,99","R$446,40",5% OFF,https://http2.mlstatic.com/D_Q_NP_2X_963009-MLA115435050388_082026-AB.webp,https://meli.la/2GwaJDd,
MLB42225245,"Air Fryer Oven 12L WAP 10 Funções Pré-Programadas Dois Andares Antiaderente
GrayStone Fritadeira Elétrica 220V",R$399,"R$503,40",12% OFF,https://http2.mlstatic.com/D_Q_NP_2X_898071-MLA99545431524_122025-AB.webp,https://meli.la/2rp47RY,
MLB38422270,Aspirador De Água E Pó Philco 1500w 20l Pas80 Cor Preto,R$685,R$349,23% OFF,https://http2.mlstatic.com/D_Q_NP_2X_910026-MLU77568033654_072024-AB.webp,https://meli.la/2sU64ha,
MLB35830249,"Fritadeira Air Fryer Forno Oven 12L, Mondial, 2000W - AFON-12L-BI","R$414,29","R$522,40",10% OFF,https://http2.mlstatic.com/D_Q_NP_2X_743281-MLA98398038226_112025-AB.webp,https://meli.la/33qfs5V,
MLB22598240,Ferro A Vapor Série 5000 Dst5040 Preto Philips Walita Preto,"R$379,90","R$372,86",55% OFF,https://http2.mlstatic.com/D_Q_NP_2X_705851-MLA99549829202_122025-AB.webp,https://meli.la/2Zp3dtg,
MLB45544685,Blender Power Inox Oster Com 2 Jarras To Go Cor Prateado,"R$38,90","R$168,66",46% OFF,https://http2.mlstatic.com/D_Q_NP_2X_928377-MLA99989509841_112025-AB.webp,https://meli.la/1Y53HDp,
MLB65131882,"Balança Digital De Precisão Davely Cook Cozinha Para Uso Domestico E
Profissional",R$357,"R$20,90",37% OFF,https://http2.mlstatic.com/D_Q_NP_2X_977172-MLA107049793514_022026-AB.webp,https://meli.la/2BU7rrH,
MLB62021470,Aspirador Vertical WAP POWER SPEED MAX CI10 3 EM 1 1600W 220V,R$499,"R$223,83",46% OFF,https://http2.mlstatic.com/D_Q_NP_2X_999820-MLA106647489933_022026-AB.webp,https://meli.la/2WGdKyx,
MLB45410688,Panela Elétrica Mecânica Pressão 4l Preta E Inox Midea,"R$249,86",R$266,48% OFF,https://http2.mlstatic.com/D_Q_NP_2X_714353-MLA99940054273_112025-AB.webp,https://meli.la/1Y9KCdH,
MLB17263867,Mixer Bmx400p 3 Em 1 500w Cor Preto Britânia 110v Preto,R$699,"R$128,80",43% OFF,https://http2.mlstatic.com/D_Q_NP_2X_784001-MLA108909448424_032026-AB.webp,https://meli.la/2SfRxyZ,
MLB19924364,"Aspirador Pó e Água Electrolux função Sopro Compacto Líquidos Químicos Inox
1800W 20L total 15L útil protetor térmico GT20i","R$199,90","R$395,10",15% OFF,https://http2.mlstatic.com/D_Q_NP_2X_972915-MLA116379474391_082026-AB.webp,https://meli.la/1CSoddk,
MLB16078151,"Chaleira Elétrica Oster Tea Com Infusor De Chá 1,8l",R$1.315,"R$169,37",35% OFF,https://http2.mlstatic.com/D_Q_NP_2X_773452-MLA99929691719_112025-AB.webp,https://meli.la/2SxNUmd,
MLB50232347,"Fritadeira Air Fryer 5,5l Widemax Com Interior De Alumínio 1900w Midea","R$59,90","R$295,71",38% OFF,https://http2.mlstatic.com/D_Q_NP_2X_916338-MLA100014649407_122025-AB.webp,https://meli.la/19M1idG,
MLB62000830,"Chaleira Elétrica Inox 1,8L 1500W Aquecimento Rápido Automática",R$529,"R$36,95",42% OFF,https://http2.mlstatic.com/D_Q_NP_2X_944898-MLA117076737007_092026-AB.webp,https://meli.la/2v54KMB,
MLB46101113,"Air fryer Fritadeira Elétrica Electrolux sem oleo Rita Lobo 5,6L 8 receitas
pré-sugeridas timer 60 minutos desligamento automático cesto removivel dupla
camada antiaderente 1400W EAF40 Cinza",,"R$303,71",,https://http2.mlstatic.com/D_Q_NP_2X_976271-MLA110473223101_042026-AB.webp,https://meli.la/1YcWD7K,
MLB52868715,"Fritadeira Elétrica Air Fryer Quad Fry 4,2 L,1400w Preto Elgin",,"R$197,49",,https://http2.mlstatic.com/D_Q_NP_2X_813389-MLA99520090726_112025-AB.webp,,
MLB5448874958,Kit 2 Ventilador Osc Parede 60cm 3pás Preto Ventisol 127/220,R$2.039,R$472,5% OFF,https://http2.mlstatic.com/D_Q_NP_2X_620022-MLB112252424903_052026-AB-kit-2-ventilador-osc-parede-60cm-3pas-preto-ventisol-127220.webp,https://meli.la/2LFminr,
MLB66182244,Ar Condicionado Split Inverter 9000 Btus Midea Branco,"R$735,57",R$1.920,42% OFF,https://http2.mlstatic.com/D_Q_NP_2X_939417-MLA108123395905_032026-AB.webp,https://meli.la/1UvU91A,
MLB62253167,"Climatizador De Ar Wap Air Fresh 4 Em 1 Climatiza, Ventila,perfuma e Umidifica
Silencioso 220v cor cinza.","R$552,90","R$422,91",5% OFF,https://http2.mlstatic.com/D_Q_NP_2X_672808-MLA114182352430_082026-AB.webp,https://meli.la/1VrBf7D,
MLB65426110,Climatizador Ventisol Clin 16 Br/cz 16l Frio Branco/cinza,R$2.299,"R$525,22",24% OFF,https://http2.mlstatic.com/D_Q_NP_2X_946592-MLA115410228176_082026-AB.webp,https://meli.la/2bMbadg,
MLB65999634,"Ventilador de Teto FANSVENTO com Controle Remoto e Luz, 6 Pás e 6 Velocidades",R$2.490,"R$246,02",7% OFF,https://http2.mlstatic.com/D_Q_NP_2X_994015-MLA107505876724_032026-AB.webp,https://meli.la/1cQPDpk,
MLB55577033,Ar Condicionado Split Elgin Eco Inverter Ii Wi-fi 12000 Btu/ Cor Branco,"R$534,99",R$2.294,44% OFF,https://http2.mlstatic.com/D_Q_NP_2X_622513-MLA99521778628_122025-AB.webp,https://meli.la/1HmgvXG,
MLB63780945,"Ventilador Xtreme Force Breeze Mesa 50cm Vb50 Estrutura Preto Pás Azul Material
Das Pás Plástico 110v","R$153,76",R$299,23% OFF,https://http2.mlstatic.com/D_Q_NP_2X_807050-MLA103349608895_012026-AB.webp,https://meli.la/2uynWpK,
MLB18932157,Ventilador de Mesa 30cm Super Power Mondial 60W VSP-30-B,R$795,"R$117,81",38% OFF,https://http2.mlstatic.com/D_Q_NP_2X_679216-MLA99937072481_112025-AB.webp,https://meli.la/2jGewjV,
MLB15458887,Climatizador portátil frio Midea AKAF1 branco,R$4.300,"R$490,91",72% OFF,https://http2.mlstatic.com/D_Q_NP_2X_825627-MLU74110430562_012024-AB.webp,https://meli.la/2FSDLHB,
MLB67485842,"Desumidificador GCZ de 6L para 120m², Compressor Silencioso e Drenagem Contínua
Branco",R$499,R$1.188,60% OFF,https://http2.mlstatic.com/D_Q_NP_2X_697364-MLA109922241873_042026-AB.webp,https://meli.la/13zwVYu,
MLB66223052,"Ventilador De Parede Ventisol New Azul 3 Velocidades Estrutura Preto Diâmetro 50
Cm Material Das Pás Plástico 127","R$649,70","R$199,48",30% OFF,https://http2.mlstatic.com/D_Q_NP_2X_676554-MLA107484899718_032026-AB.webp,https://meli.la/2wghYXp,
MLB61103293,Climatizador De Ar Frio Evaporativo Portátil Potente 5em1 Branco,R$2.199,"R$454,34",30% OFF,https://http2.mlstatic.com/D_Q_NP_2X_768572-MLA96233630485_102025-AB.webp,https://meli.la/2LFyzHB,
MLB51788320,Ar Condicionado Split Hi Wall Inverter Hisense Wi-fi 9000 Bt,R$2.078,R$1.531,9% OFF,https://http2.mlstatic.com/D_Q_NP_2X_656716-MLA99937763553_112025-AB.webp,https://meli.la/1Hyw8NH,
MLB66130126,Ar Condicionado Split Hi Wall Agratto Zen Top Inverter 12.000 Btus Frio R-32,R$108,R$1.886,63% OFF,https://http2.mlstatic.com/D_Q_NP_2X_980451-MLA107261813366_032026-AB.webp,https://meli.la/1k8niGP,
MLB32379892,Ventilador De Teto Silencioso De 3 Modos com Lâmpada Controle Branco,R$300,R$39,30% OFF,https://http2.mlstatic.com/D_Q_NP_2X_965478-MLA96647899953_102025-AB.webp,https://meli.la/2Y7SrwX,
MLB62262627,"Ventilador De Teto Ventilow Luna 3 Pás Cor Mogno Cor Da Estrutura Preto 130w De
Potência Moderno E Silêncioso",R$2.199,"R$208,65",21% OFF,https://http2.mlstatic.com/D_Q_NP_2X_857157-MLA114202210198_082026-AB.webp,https://meli.la/1fy3ukV,
MLB50527228,Ar Condicionado Split Hi Wall Eco Inverter Pac9fc Philco 9.000 Btus Frio R-32,R$659,R$1.737,5% OFF,https://http2.mlstatic.com/D_Q_NP_2X_788594-MLA114287627343_072026-AB.webp,https://meli.la/296Dtqw,
MLB35919206,Ventilador De Teto Arno Ultimate Prata Vx15,"R$721,88","R$626,05",22% OFF,https://http2.mlstatic.com/D_Q_NP_2X_627129-MLA99978530947_112025-AB.webp,https://meli.la/199Tnqe,
MLB37633348,Climatizador Portátil 16 Litros 130w Ventisol Clin16 Cor Cinza,"R$399,90","R$556,88",23% OFF,https://http2.mlstatic.com/D_Q_NP_2X_756014-MLA101082785997_122025-AB.webp,https://meli.la/1XyYNsa,
MLB6086992492,Ventilador Portátil 5 Velocidades Led Recarregável Clip Mesa,R$659,"R$49,46",25% OFF,https://http2.mlstatic.com/D_Q_NP_2X_668053-MLB117063819207_092026-AB-ventilador-portatil-5-velocidades-led-recarregavel-clip-mesa.webp,https://meli.la/2K9ZSHU,
MLB20772474,"Cetaphil Loção Hidratante Corporal e Facial para Pele Seca e Sensível 473ml -
Hidratação por 48h","R$134,90","R$88,10",34% OFF,https://http2.mlstatic.com/D_Q_NP_2X_624170-MLA116562708364_092026-AB.webp,https://meli.la/2wJpWHr,
MLB19693785,Câmera de segurança TP-Link Tapo C320WS 2K 4MP WiFi Branco IP66,"R$329,99","R$247,92",24% OFF,https://http2.mlstatic.com/D_Q_NP_2X_764008-MLA99513800470_112025-AB.webp,https://meli.la/2GksaLC,
MLB22953629,Bebê conforto grid 0 a 13kg Galzerano cor preto,R$499,"R$274,30",45% OFF,https://http2.mlstatic.com/D_Q_NP_2X_656773-MLA111501698323_052026-AB.webp,https://meli.la/1vymfiu,
MLB68576242,Jogo Competitivo Things In Rings 2-6 Jogadores 14+ Anos 20 min Asmodee,"R$159,99","R$117,50",26% OFF,https://http2.mlstatic.com/D_Q_NP_2X_820824-MLA109937521102_042026-AB.webp,https://meli.la/13PUwQ6,
MLB49050369,Módulo Taramps Md 5000.1 2 Ohms 5000w,R$999,"R$893,24",10% OFF,https://http2.mlstatic.com/D_Q_NP_2X_792463-MLA84173203022_052025-AB.webp,https://meli.la/1nFPhTA,
MLB19970137,"Cadeirinha Cosco Kids, Progress, 0 a 36kg, Preto",R$709,"R$610,54",13% OFF,https://http2.mlstatic.com/D_Q_NP_2X_928226-MLA99462528060_112025-AB.webp,https://meli.la/1i1Sk6T,
MLB29367157,Karsten Empire Fio Cardado jogo de banho cor branco,"R$189,90","R$91,50",51% OFF,https://http2.mlstatic.com/D_Q_NP_2X_609826-MLA96137278359_102025-AB.webp,https://meli.la/2UnuhG7,
MLB24163174,"Chaleira Elétrica Cadence Cel810 Pure Inox 1,7 Litros","R$129,90","R$79,66",38% OFF,https://http2.mlstatic.com/D_Q_NP_2X_898167-MLA111497839223_052026-AB.webp,https://meli.la/25RKgMD,
MLB916440,Radiador Gol 1.0 Mi Power At G2 G3 G4 Sem Ar Original Valeo,"R$359,99","R$233,99",35% OFF,https://http2.mlstatic.com/D_Q_NP_2X_998379-MLB101462132837_122025-AB--radiador-gol-10-mi-power-at-g2-g3-g4-sem-ar-original-valeo.webp,https://meli.la/2cMsZJz,
MLB48896933,"Jogo De Toalhas Buddemeyer Bella Extra Soft Banho 4 Peças Azul Claro/azul
Marinho","R$229,90","R$199,90",13% OFF,https://http2.mlstatic.com/D_Q_NP_2X_881368-MLA99701327430_122025-AB.webp,https://meli.la/2VawUxa,
MLB46014466,Jogo De Toalha Banho 4 peças 100 Algodão 400 gr/m Loft Camesa,"R$149,90","R$97,56",34% OFF,https://http2.mlstatic.com/D_Q_NP_2X_903430-MLA96200138256_102025-AB.webp,https://meli.la/23SSfhQ,
MLB19983452,Cabo De Extensao Ugreen Usb-c Macho Para Usb Femea 3.1 - 1 M Preto,"R$38,90","R$72,36",25% OFF,https://http2.mlstatic.com/D_Q_NP_2X_613562-MLA99943257879_112025-AB.webp,,
MLB58201448,Saco De Lixo 100 Litros Reforçado Grosso Resistente Kit Com 50 Unidades,"R$38,90","R$29,17",25% OFF,https://http2.mlstatic.com/D_Q_NP_2X_773101-MLA99895278815_112025-AB.webp,https://meli.la/24e7e9F,
MLB58944581,"Jogo De Toalhas Banho 4pçs 100% Algodão Fio Penteado Tecnologia Softmax Unika
Imperial Karsten","R$229,90","R$118,87",48% OFF,https://http2.mlstatic.com/D_Q_NP_2X_962584-MLA105260846971_012026-AB.webp,https://meli.la/2Jm7GWM,
MLB61815112,TP-Link Tapo C206 Câmera de Segurança Wifi 1080P 360° Colorida IP65,"R$299,90","R$197,71",34% OFF,https://http2.mlstatic.com/D_Q_NP_2X_806345-MLA110351562394_052026-AB.webp,https://meli.la/26REojC,
MLB51483736,Kit Jogo Toalhas Karsten 5 Banhão Rosto Piso Imperial Cor Lunar/gris,"R$319,90","R$199,92",37% OFF,https://http2.mlstatic.com/D_Q_NP_2X_652407-MLA95961099035_102025-AB.webp,https://meli.la/1LdQcG6,
MLB23273694,"Aquecedor Elétrico Portátil 3 em 1 WAP Air Heat com Ventilador e Triplo Sistema
de Segurança","R$159,90","R$83,30",47% OFF,https://http2.mlstatic.com/D_Q_NP_2X_718643-MLA115817581725_082026-AB.webp,https://meli.la/2Y3dfPW,
MLB36479444,"1kg Café Gourmet Grãos 100% Arabica - Kit 2 Pacotes de 500g. Direto Do Produtor
- Sul de Minas - Torra Média","R$99,99","R$74,99",25% OFF,https://http2.mlstatic.com/D_Q_NP_2X_800020-MLA115544077168_082026-AB.webp,https://meli.la/2s1SXmr,
MLB54076558,Jogo De Toalhas 4 Pçs Fio Cardado 100% Algodão Bosco Karsten,"R$149,90","R$111,51",25% OFF,https://http2.mlstatic.com/D_Q_NP_2X_733667-MLA95696781618_102025-AB.webp,https://meli.la/1yvBk7s,
MLB41806279,Kit 12 Bebida Láctea Whey Protein 15g Chocolate ProPlay Italac 250ml,"R$72,98","R$58,38",20% OFF,https://http2.mlstatic.com/D_Q_NP_2X_925007-MLA109552455047_032026-AB.webp,https://meli.la/2ENC6iG,
MLB24100066,Porteiro Eletrônico Interfone Agl P10s Branco Bivolt Cor Cinza,R$127,"R$107,95",15% OFF,https://http2.mlstatic.com/D_Q_NP_2X_645004-MLA112765069716_062026-AB.webp,https://meli.la/1rpbxir,
MLB53989572,Jogo De Toalhas 4 Pçs Fio Cardado 100% Algodão Bosco Karsten Cinza Bosco,"R$149,90","R$104,92",30% OFF,https://http2.mlstatic.com/D_Q_NP_2X_814876-MLA95676723136_102025-AB.webp,https://meli.la/1rfpVeB,
MLB5540550942,Tênis Under Armour Charged Quicker 2 Unissex Corrida Leve,"R$714,27","R$311,60",56% OFF,https://http2.mlstatic.com/D_Q_NP_2X_620102-MLB115021076023_072026-AB-tnis-under-armour-charged-quicker-2-unissex-corrida-leve.webp,https://meli.la/1nRDna6,
MLB916440,Kit Embreagem Gol Voyage G5 1.6 1.0 8v Original Valeo Ea111,"R$169,90","R$393,99",21% OFF,https://http2.mlstatic.com/D_Q_NP_2X_698324-MLB95394281198_102025-AB--kit-embreagem-gol-voyage-g5-16-10-8v-original-valeo-ea111.webp,,
MLB55685029,Jogo de Toalhas 4 Peças Fio Cardado 100 Algodão Softmax Bressan Karsten,"R$169,90","R$132,90",21% OFF,https://http2.mlstatic.com/D_Q_NP_2X_919870-MLA96209619346_102025-AB.webp,https://meli.la/1AAXHq3,
MLB916440,Bomba Dagua Completa Vw Audi Tsi Tfsi Golf A3 A4 1.8 2.0 16v,"R$279,90",R$1.395,10% OFF,https://http2.mlstatic.com/D_Q_NP_2X_649437-MLB106912831070_022026-AB--bomba-dagua-completa-vw-audi-tsi-tfsi-golf-a3-a4-18-20-16v.webp,,
MLB6123678,"Ventilador de Teto Venti-Delta New Delta Light com Luz, 3 Pás Mogno e 3
Velocidades Branco","R$279,90","R$251,13",10% OFF,https://http2.mlstatic.com/D_Q_NP_2X_945415-MLA113215991936_072026-AB.webp,https://meli.la/1nk5f5k,
MLB916440,Central Multimídia Mp5 2 Din Gol Voyage Saveiro G5 Camera Ré,"R$238,24","R$286,54",16% OFF,https://http2.mlstatic.com/D_Q_NP_2X_624779-MLB52519428418_112022-AB--central-multimidia-mp5-2-din-gol-voyage-saveiro-g5-camera-re.webp,,
MLB916440,Tubo Pex Gás 16mm Multicamadas Alumínio (25 Metros) Pex Casa,"R$159,90","R$200,12",53% OFF,https://http2.mlstatic.com/D_Q_NP_2X_976375-MLB92768899158_092025-AB--tubo-pex-gas-16mm-multicamadas-aluminio-25-metros-pex-casa.webp,,
MLB62196015,Jogo De Banho E Rosto 4 Pçs 400g/m2 Dynamo Select Camesa Lisa Chumbo Com Cinza,"R$159,90","R$74,92",53% OFF,https://http2.mlstatic.com/D_Q_NP_2X_672342-MLA98461711513_112025-AB.webp,https://meli.la/1vM3fzf,
MLB63018471,Geladeira de bebidas Hisense capacidade de 140 Latas 152L- HBL-14W1ANQRI,R$5.499,R$4.674,15% OFF,https://http2.mlstatic.com/D_Q_NP_2X_713299-MLA113779198179_062026-AB.webp,https://meli.la/1gNfirH,
MLB916440,Pendente Bifocal Em Madeira 80cm Diâ. Fita Led 3000k Bivolt 127/220v Freijó,"R$279,90",R$2.043,41% OFF,https://http2.mlstatic.com/D_Q_NP_2X_848839-MLB110796647794_052026-AB--pendente-bifocal-em-madeira-80cm-dia-fita-led-3000k-bivolt.webp,,
MLB45635848,Jogo Toalha Banho 5 Peças 100 Algodão Imperial Karsten,"R$279,90","R$164,25",41% OFF,https://http2.mlstatic.com/D_Q_NP_2X_915129-MLA95659330234_102025-AB.webp,https://meli.la/2mYdnH7,
MLB26668935,Simfort 60 Sachês (2g) Vitafor,R$242,"R$121,49",49% OFF,https://http2.mlstatic.com/D_Q_NP_2X_627479-MLA99990952693_112025-AB.webp,https://meli.la/1xeWAt3,
MLB57821775,Air fryer Oven 16L Wap Multi-Comb Digital WAFC16 Painel Touch 127V,"R$899,99","R$674,99",25% OFF,https://http2.mlstatic.com/D_Q_NP_2X_796606-MLA93384313057_092025-AB.webp,https://meli.la/1L9Jb7K,
MLB22804401,Protetor De Colchão King Buddemeyer Maison Ii Algodão Branco Branco King,"R$359,90","R$256,84",28% OFF,https://http2.mlstatic.com/D_Q_NP_2X_622007-MLA95695308510_102025-AB.webp,https://meli.la/2mznvYE,
MLB26777227,Pregador Pneumático Vonder Pp 550,R$1.796,R$1.437,20% OFF,https://http2.mlstatic.com/D_Q_NP_2X_958103-MLA99946667209_112025-AB.webp,https://meli.la/22MoLZW,
MLB916440,Kit 3 Borrifador Manual 1litro Jardim Limpeza Plantas Vonder Branco,"R$224,98","R$39,91",43% OFF,https://http2.mlstatic.com/D_Q_NP_2X_961464-MLB110847782537_042026-AB--kit-3-borrifador-manual-1litro-jardim-limpeza-plantas-vonder.webp,,
MLB68022387,"Kit Protetor 3 Pc Essence Casal Hotelaria (2 protetores de fronha + 1 protetor
de colchão","R$224,98","R$126,37",43% OFF,https://http2.mlstatic.com/D_Q_NP_2X_951122-MLA110467988157_042026-AB.webp,https://meli.la/2EGEQCV,
MLB916440,Tênis Olympikus Voa 3 Esportivo Casual Conforto Masculino Preto Lisa 42 Br,"R$589,90","R$278,99",44% OFF,https://http2.mlstatic.com/D_Q_NP_2X_987294-MLB112064446295_052026-AB--tenis-olympikus-voa-3-esportivo-casual-conforto-masculino.webp,,
MLB41833610,Switch Poe 16 Portas KNUP PW003 10/100 Mbps Rj45 Mdi Mdi-x Color negro,"R$589,90","R$324,76",44% OFF,https://http2.mlstatic.com/D_Q_NP_2X_994035-MLA95676717268_102025-AB.webp,https://meli.la/2XtWB1R,
MLB34495080,"Atomizador Pulverizador Costal Gasolina 59,2cc 3,6cv Deffer Cor Laranja",R$1.299,"R$779,94",40% OFF,https://http2.mlstatic.com/D_Q_NP_2X_674369-MLA99385084532_112025-AB.webp,https://meli.la/2f8svF1,
MLB50518048,Jogo De Toalhas 4 peças Tóquio Banho Altenburg,"R$139,90","R$74,92",46% OFF,https://http2.mlstatic.com/D_Q_NP_2X_949458-MLA96155420883_102025-AB.webp,https://meli.la/2z99ExX,
MLB916440,"Amaciante Roupa Concentrado Lavanderia Prof. Comfort Clinical 5l Comfort
Clinical Suave","R$359,99","R$82,90",35% OFF,https://http2.mlstatic.com/D_Q_NP_2X_788564-MLA108306193728_032026-AB--amaciante-roupa-concentrado-lavanderia-prof-comfort-clinical-5l-comfort-clinical-suave.webp,,
MLB916440,Radiador Gol 1.0 Mi Power At G2 G3 G4 Sem Ar Original Valeo,R$899,"R$233,99",36% OFF,https://http2.mlstatic.com/D_Q_NP_2X_998379-MLB101462132837_122025-AB--radiador-gol-10-mi-power-at-g2-g3-g4-sem-ar-original-valeo.webp,,
MLB19678440,Carrinho De Bebê de Passeio Burigotto Zap Preto,R$899,"R$575,26",36% OFF,https://http2.mlstatic.com/D_Q_NP_2X_932696-MLA99975683117_112025-AB.webp,https://meli.la/2BiXLrb,
MLB76780089,"Smart TV 4K 85"" LG NANO UHD AI NU855 2026 Processador α7 Ger9 HDR10 Xbox
Bluetooth Wi-Fi AI Search Google Gemini webOS 26 - 85NU855BPSA",R$2.779,R$7.199,35% OFF,https://http2.mlstatic.com/D_Q_NP_2X_926336-MLA115250915278_082026-AB.webp,https://meli.la/1ffEPN3,
MLB2070644312,Tv Portátil Smart 17.3 Android 14 Bateria Hdmi Usb Netflix,R$1.449,"R$693,49",17% OFF,https://http2.mlstatic.com/D_Q_NP_2X_743994-MLB116548521549_082026-AB.webp,https://meli.la/1ZQsskq,
MLB65759096,Xiaomi Redmi Note 15 Pro 8 GB de RAM 256 GB Rom 4G Lte 200 mpx Glacier Blue,R$2.877,R$1.738,39% OFF,https://http2.mlstatic.com/D_Q_NP_2X_698505-MLA109093937625_032026-AB.webp,https://meli.la/2v3jvVR,
MLB52937091,"Smartphone Jovi Y19s 256gb, 4+4gb Ram Turbo, Câmera 50mp, Bateria 5500mah,
Carregamento 15w, Tela 90hz - Preto Safira",R$1.199,"R$899,10",25% OFF,https://http2.mlstatic.com/D_Q_NP_2X_821532-MLA87862556530_072025-AB.webp,https://meli.la/1AJSp16,
MLB53803893,"Smartphone Tcl 512gb 108mp 18gb Ram 6.8"" Fhd+ Octa-Core 5.200mah Tcl 60 Nxtpaper",R$1.629,R$1.142,29% OFF,https://http2.mlstatic.com/D_Q_NP_2X_617994-MLA89593691288_082025-AB.webp,https://meli.la/151CWz2,
MLB7209615874,Smartphone Xiaomi Poco C71 Dualsim 128gb 4gbram + Brindes,R$1.499,R$1.041,30% OFF,https://http2.mlstatic.com/D_Q_NP_2X_997470-MLB113586353112_072026-AB-smartphone-xiaomi-poco-c71-dualsim-128gb-4gbram-brindes.webp,https://meli.la/1gD2uwQ,
MLB69700674,"Smartphone Motorola Moto G Max 5g - 256gb 8gb Ram + 16gb Ram Boost, Câmera
200mp, Ois, Tela 1.5k Extreme Amoled 120hz, Ip68 E Ip69 - Grafite",R$3.999,R$1.879,53% OFF,https://http2.mlstatic.com/D_Q_NP_2X_711000-MLA111707770885_052026-AB.webp,https://meli.la/28BnzK2,
MLB45995800,Carrinho De Bebê Passeio Guarda Chuva Styll Baby Preto,"R$239,90","R$183,60",23% OFF,https://http2.mlstatic.com/D_Q_NP_2X_761526-MLA100714060243_122025-AB.webp,https://meli.la/2se6CYm,
MLB17336025,Huggies Fralda Descartável Máxima Proteção XG - 112 Un,"R$197,75","R$149,67",24% OFF,https://http2.mlstatic.com/D_Q_NP_2X_782627-MLA99928206837_112025-AB.webp,https://meli.la/1wVKHvF,
MLB17336059,Huggies Fralda Descartável Máxima Proteção M - 172 Un,"R$197,75","R$149,67",24% OFF,https://http2.mlstatic.com/D_Q_NP_2X_787625-MLA99442296758_112025-AB.webp,https://meli.la/1muwfR8,
MLB62933980,Babá Eletrônica Monitor 2.4 Sem Fio Zoom Baby On Maxi Baby,"R$447,82",R$205,54% OFF,https://http2.mlstatic.com/D_Q_NP_2X_900181-MLA100655071871_122025-AB.webp,https://meli.la/2UwfTNS,
MLB53258842,Cadeira De Alimentação Infantil 3 Em 1 Harmony Maxi Baby - Cinza,"R$449,90",R$259,42% OFF,https://http2.mlstatic.com/D_Q_NP_2X_612441-MLA99520261016_112025-AB.webp,https://meli.la/2zrte3f,
MLB19516361,Fralda Pom Pom Protek Proteção de Mãe G 68 Unidades,"R$77,37","R$54,21",29% OFF,https://http2.mlstatic.com/D_Q_NP_2X_684445-MLA99450736120_112025-AB.webp,https://meli.la/1YbQXSn,
MLB4355407065,Berço Bebê Portátil Moisés Com Mosquiteiro E Modo Balanço,"R$666,65","R$399,29",40% OFF,https://http2.mlstatic.com/D_Q_NP_2X_634334-MLB115194826767_072026-AB-berco-beb-portatil-moises-com-mosquiteiro-e-modo-balanco.webp,https://meli.la/1QHees5,
MLB34295736,Huggies Fralda Descartável Máxima Proteção XXG - 112 Un,"R$197,75","R$149,66",24% OFF,https://http2.mlstatic.com/D_Q_NP_2X_939152-MLA99933491581_112025-AB.webp,https://meli.la/25RT3Nj,
MLB47899174,"Baba Eletrônica Baby Monitor Vb603 Visão Noturna Dual Audio Cor Branco Estary
Shop",R$349,"R$209,96",39% OFF,https://http2.mlstatic.com/D_Q_NP_2X_789928-MLA99885017637_112025-AB.webp,https://meli.la/1PBoxE8,
MLB47549605,Babá Eletrônica VLX VB603 sem Fio com Câmera cor branco,"R$399,90","R$242,90",39% OFF,https://http2.mlstatic.com/D_Q_NP_2X_660207-MLA99510217556_112025-AB.webp,https://meli.la/1TT1trQ,
MLB74907024,"Tapete De Atividades Bebê Piano Musical com 5 Brinquedos Interativos Happy Maxi
Baby - Rosa","R$99,90","R$67,80",32% OFF,https://http2.mlstatic.com/D_Q_NP_2X_894367-MLA114057157409_072026-AB.webp,https://meli.la/2dHMRUH,
MLB6798860280,Berço Portátil Ajustável Moisés Com Mosquiteiro E Colchão,R$998,R$535,46% OFF,https://http2.mlstatic.com/D_Q_NP_2X_606682-MLB116527825545_082026-AB-berco-portatil-ajustavel-moises-com-mosquiteiro-e-colcho.webp,https://meli.la/2AKWzDd,
MLB26016705,Triciclo Moto Menino Menina Com Kit Proteção Cor Rosa,R$499,"R$163,25",67% OFF,https://http2.mlstatic.com/D_Q_NP_2X_842536-MLA95833855341_102025-AB.webp,https://meli.la/1DwMaoC,
MLB65063280,Kit 5 Saída Maternidade Mala Bebê Menino Menina Luxo Cor Azul E Bege Tamanho G,"R$187,30","R$170,44",9% OFF,https://http2.mlstatic.com/D_Q_NP_2X_625891-MLA111438962185_052026-AB.webp,https://meli.la/1S1Mci6,
MLB27610912,Bolsa Canguru Ergonômico Lequeen Bebê Mãe 10 Posições Cinza,R$499,"R$249,50",50% OFF,https://http2.mlstatic.com/D_Q_NP_2X_911097-MLA117511207547_092026-AB.webp,https://meli.la/2QQWqEw,
MLB2043922412,Bolsa Kit Maternidade Alçaelegante G Dryllikidspersonalizada,R$290,"R$261,72",9% OFF,https://http2.mlstatic.com/D_Q_NP_2X_995191-MLA110391595793_042026-AB-bolsa-kit-maternidade-alcaelegante-g-dryllikidspersonalizada.webp,https://meli.la/1m6ouP2,
MLB54411841,"Bicicleta Equilíbrio sem Pedais Balance em Nylon Aro 12 Pneu Eva - Beezee R329
Verde",R$399,"R$269,15",32% OFF,https://http2.mlstatic.com/D_Q_NP_2X_974825-MLA102197684269_122025-AB.webp,https://meli.la/11PSUb1,
MLB63045395,Mesa De Blocos Mesinha Atividades Infantil Didática 100peças Rosa,"R$129,90","R$38,90",70% OFF,https://http2.mlstatic.com/D_Q_NP_2X_930309-MLA100484448082_122025-AB.webp,https://meli.la/2ofsqfb,
MLB75690097,"Tapete De Atividade Bebê 3D Ginásio Piano Musical Arco 5 Brinquedos Interativo
Maxi Baby - AMARELO","R$99,90",R$66,33% OFF,https://http2.mlstatic.com/D_Q_NP_2X_678873-MLA113730279494_072026-AB.webp,https://meli.la/1KBGyhi,
MLB76537856,Tapete Musical Infantil Brinca Tatá de Sapo com Piano e Baquetas para Bebês,"R$149,90",R$103,31% OFF,https://http2.mlstatic.com/D_Q_NP_2X_664563-MLA114438523676_082026-AB.webp,https://meli.la/2uYUVAH,
MLB4478523819,Maiô Infantil Manga Longa Proteção Uv50 Menina Verão Praia,"R$59,90","R$50,91",15% OFF,https://http2.mlstatic.com/D_Q_NP_2X_788476-MLB116718652560_092026-AB-mai-infantil-manga-longa-proteco-uv50-menina-vero-praia.webp,https://meli.la/2oHL4xm,
MLB47196818,Mosquiteiro De Berço Avulso Tamanho Americano E Nacional Cor Branco,"R$29,90",R$22,26% OFF,https://http2.mlstatic.com/D_Q_NP_2X_724135-MLA104026727820_012026-AB.webp,https://meli.la/1KJauzo,
MLB51482198,Kit Shampoo E Condicionador + Refil Granado Bebê Tradicional,"R$79,99","R$52,89",33% OFF,https://http2.mlstatic.com/D_Q_NP_2X_893198-MLA114545616122_082026-AB.webp,https://meli.la/1wsCSF1,
MLB46151797,Pelúcia Ursinho Pooh 32cm Antialérgico - Urso Pooh Cor Amarelo,R$85,"R$65,16",23% OFF,https://http2.mlstatic.com/D_Q_NP_2X_782632-MLA99504791158_112025-AB.webp,https://meli.la/2TVvcjj,
MLB57300665,Pelúcia Capivara Formatura 20cm Presente Formando Marrom Urso Presente,"R$78,90",R$64,18% OFF,https://http2.mlstatic.com/D_Q_NP_2X_835629-MLA115258321146_082026-AB.webp,https://meli.la/1SS8thP,
MLB7209048718,Blusa Infantil Uv 50+ Manga Longa Menino Praia Piscina,"R$99,90","R$42,90",57% OFF,https://http2.mlstatic.com/D_Q_NP_2X_850338-MLB114855912725_072026-AB-blusa-infantil-uv-50-manga-longa-menino-praia-piscina.webp,https://meli.la/1JCxioi,
MLB4222979060,Kit Com 2 Casulo Swaddle Bebê Saco De Dormir Charutinho,"R$199,97",R$135,32% OFF,https://http2.mlstatic.com/D_Q_NP_2X_849889-MLB114448371347_072026-AB-kit-com-2-casulo-swaddle-beb-saco-de-dormir-charutinho.webp,https://meli.la/1rZYEKq,
MLB77335963,"Mordedor Sensorial Interativo Bebê Brinquedo Educativo Som/Luz Controle Remoto
Maxi Baby","R$49,90","R$34,83",30% OFF,https://http2.mlstatic.com/D_Q_NP_2X_720724-MLA114824020064_082026-AB.webp,https://meli.la/2b8Tezp,